[
  {
    "context": [
      {
        "code": "use warnings;\n",
        "highlight": false,
        "number": 3
      },
      {
        "highlight": false,
        "code": "use CGI;\n",
        "number": 4
      },
      {
        "number": 5,
        "code": "use LWP::UserAgent;\n",
        "highlight": true
      },
      {
        "highlight": false,
        "code": "use Digest::MD5 qw(md5_hex);               # CWE-327: Use of MD5\n",
        "number": 6
      },
      {
        "code": "use Data::Dumper;                          # CWE-117: Debug Module Enabled\n",
        "highlight": false,
        "number": 7
      }
    ],
    "file": "/home/kali/Documents/perl-sast-scanner/perlcode/finaltest/blatant.pl",
    "severity": "Medium",
    "line": 5,
    "type": "Pattern-Based",
    "cwe": "CWE-918",
    "code": "use LWP::UserAgent;",
    "owasp": "A10:2021-SSRF",
    "id": "FIND-0001",
    "issue": "Server Side Request Forgery (SSRF)"
  },
  {
    "type": "Pattern-Based",
    "code": "use Digest::MD5 qw(md5_hex);               # CWE-327: Use of MD5",
    "cwe": "CWE-327",
    "severity": "Medium",
    "line": 6,
    "file": "/home/kali/Documents/perl-sast-scanner/perlcode/finaltest/blatant.pl",
    "context": [
      {
        "highlight": false,
        "code": "use CGI;\n",
        "number": 4
      },
      {
        "highlight": false,
        "code": "use LWP::UserAgent;\n",
        "number": 5
      },
      {
        "number": 6,
        "highlight": true,
        "code": "use Digest::MD5 qw(md5_hex);               # CWE-327: Use of MD5\n"
      },
      {
        "number": 7,
        "code": "use Data::Dumper;                          # CWE-117: Debug Module Enabled\n",
        "highlight": false
      },
      {
        "code": "use Crypt::DES;                            # CWE-327: Weak Cipher\n",
        "highlight": false,
        "number": 8
      }
    ],
    "owasp": "A02:2021-Cryptographic Failures",
    "id": "FIND-0002",
    "issue": "Use of MD5"
  },
  {
    "type": "Pattern-Based",
    "code": "use Digest::MD5 qw(md5_hex);               # CWE-327: Use of MD5",
    "cwe": "CWE-1104",
    "severity": "Medium",
    "file": "/home/kali/Documents/perl-sast-scanner/perlcode/finaltest/blatant.pl",
    "line": 6,
    "context": [
      {
        "number": 4,
        "code": "use CGI;\n",
        "highlight": false
      },
      {
        "number": 5,
        "highlight": false,
        "code": "use LWP::UserAgent;\n"
      },
      {
        "highlight": true,
        "code": "use Digest::MD5 qw(md5_hex);               # CWE-327: Use of MD5\n",
        "number": 6
      },
      {
        "code": "use Data::Dumper;                          # CWE-117: Debug Module Enabled\n",
        "highlight": false,
        "number": 7
      },
      {
        "highlight": false,
        "code": "use Crypt::DES;                            # CWE-327: Weak Cipher\n",
        "number": 8
      }
    ],
    "id": "FIND-0003",
    "owasp": "A06:2021-Vulnerable and Outdated Components",
    "issue": "Use of Vulnerable Perl Module"
  },
  {
    "owasp": "A09:2021-Logging and Monitoring Failures",
    "id": "FIND-0004",
    "issue": "Debug Module Enabled",
    "type": "Pattern-Based",
    "cwe": "CWE-117",
    "code": "use Data::Dumper;                          # CWE-117: Debug Module Enabled",
    "context": [
      {
        "number": 5,
        "highlight": false,
        "code": "use LWP::UserAgent;\n"
      },
      {
        "number": 6,
        "highlight": false,
        "code": "use Digest::MD5 qw(md5_hex);               # CWE-327: Use of MD5\n"
      },
      {
        "number": 7,
        "highlight": true,
        "code": "use Data::Dumper;                          # CWE-117: Debug Module Enabled\n"
      },
      {
        "number": 8,
        "highlight": false,
        "code": "use Crypt::DES;                            # CWE-327: Weak Cipher\n"
      },
      {
        "code": "use JSON;\n",
        "highlight": false,
        "number": 9
      }
    ],
    "file": "/home/kali/Documents/perl-sast-scanner/perlcode/finaltest/blatant.pl",
    "severity": "Low",
    "line": 7
  },
  {
    "code": "use Crypt::DES;                            # CWE-327: Weak Cipher",
    "cwe": "CWE-327",
    "type": "Pattern-Based",
    "line": 8,
    "severity": "High",
    "file": "/home/kali/Documents/perl-sast-scanner/perlcode/finaltest/blatant.pl",
    "context": [
      {
        "number": 6,
        "highlight": false,
        "code": "use Digest::MD5 qw(md5_hex);               # CWE-327: Use of MD5\n"
      },
      {
        "number": 7,
        "highlight": false,
        "code": "use Data::Dumper;                          # CWE-117: Debug Module Enabled\n"
      },
      {
        "number": 8,
        "highlight": true,
        "code": "use Crypt::DES;                            # CWE-327: Weak Cipher\n"
      },
      {
        "number": 9,
        "highlight": false,
        "code": "use JSON;\n"
      },
      {
        "highlight": false,
        "code": "use Fcntl qw(:DEFAULT :flock);\n",
        "number": 10
      }
    ],
    "issue": "Use of Weak Cipher",
    "owasp": "A02:2021-Cryptographic Failures",
    "id": "FIND-0005"
  },
  {
    "type": "Pattern-Based",
    "cwe": "CWE-798",
    "code": "my $admin_password = \"SuperSecret123\";",
    "context": [
      {
        "number": 12,
        "highlight": false,
        "code": "\n"
      },
      {
        "number": 13,
        "highlight": false,
        "code": "# CWE-798: Hardcoded credentials\n"
      },
      {
        "code": "my $admin_password = \"SuperSecret123\";\n",
        "highlight": true,
        "number": 14
      },
      {
        "code": "my $api_key = \"apikey12345678\";\n",
        "highlight": false,
        "number": 15
      },
      {
        "number": 16,
        "highlight": false,
        "code": "\n"
      }
    ],
    "file": "/home/kali/Documents/perl-sast-scanner/perlcode/finaltest/blatant.pl",
    "severity": "High",
    "line": 14,
    "owasp": "A07:2021-Identification and Authentication Failures",
    "id": "FIND-0006",
    "issue": "Hardcoded Password"
  },
  {
    "type": "Pattern-Based",
    "code": "my $api_key = \"apikey12345678\";",
    "cwe": "CWE-798",
    "severity": "High",
    "file": "/home/kali/Documents/perl-sast-scanner/perlcode/finaltest/blatant.pl",
    "line": 15,
    "context": [
      {
        "highlight": false,
        "code": "# CWE-798: Hardcoded credentials\n",
        "number": 13
      },
      {
        "number": 14,
        "highlight": false,
        "code": "my $admin_password = \"SuperSecret123\";\n"
      },
      {
        "code": "my $api_key = \"apikey12345678\";\n",
        "highlight": true,
        "number": 15
      },
      {
        "number": 16,
        "highlight": false,
        "code": "\n"
      },
      {
        "highlight": false,
        "code": "# CWE-538: Exposed config file\n",
        "number": 17
      }
    ],
    "id": "FIND-0007",
    "owasp": "A02:2021-Cryptographic Failures",
    "issue": "Hardcoded Secret/API Key"
  },
  {
    "context": [
      {
        "highlight": false,
        "code": "\n",
        "number": 16
      },
      {
        "code": "# CWE-538: Exposed config file\n",
        "highlight": false,
        "number": 17
      },
      {
        "number": 18,
        "code": "require \"./config.pl\";\n",
        "highlight": true
      },
      {
        "code": "\n",
        "highlight": false,
        "number": 19
      },
      {
        "number": 20,
        "highlight": false,
        "code": "# User input sources\n"
      }
    ],
    "severity": "High",
    "line": 18,
    "file": "/home/kali/Documents/perl-sast-scanner/perlcode/finaltest/blatant.pl",
    "cwe": "CWE-538",
    "code": "require \"./config.pl\";",
    "type": "Pattern-Based",
    "issue": "Exposed Config or Env File",
    "owasp": "A05:2021-Security Misconfiguration",
    "id": "FIND-0008"
  },
  {
    "issue": "Code Injection via eval",
    "id": "FIND-0009",
    "context": [
      {
        "code": "\n",
        "highlight": false,
        "number": 27
      },
      {
        "highlight": false,
        "code": "# CWE-703: Improper Exception Handling\n",
        "number": 28
      },
      {
        "code": "eval {\n",
        "highlight": true,
        "number": 29
      },
      {
        "highlight": false,
        "code": "    my $risky = risky_function($input);\n",
        "number": 30
      },
      {
        "code": "};\n",
        "highlight": false,
        "number": 31
      }
    ],
    "source": "param",
    "code": "eval {",
    "cwe": "CWE-94",
    "sink": "eval",
    "owasp": "A03:2021-Injection",
    "file": "/home/kali/Documents/perl-sast-scanner/perlcode/finaltest/blatant.pl",
    "severity": "High",
    "line": 29,
    "variable": "",
    "type": "Taint-Based"
  },
  {
    "type": "Pattern-Based",
    "code": "eval {",
    "cwe": "CWE-703",
    "severity": "Medium",
    "line": 29,
    "file": "/home/kali/Documents/perl-sast-scanner/perlcode/finaltest/blatant.pl",
    "context": [
      {
        "number": 27,
        "highlight": false,
        "code": "\n"
      },
      {
        "number": 28,
        "code": "# CWE-703: Improper Exception Handling\n",
        "highlight": false
      },
      {
        "number": 29,
        "code": "eval {\n",
        "highlight": true
      },
      {
        "number": 30,
        "code": "    my $risky = risky_function($input);\n",
        "highlight": false
      },
      {
        "highlight": false,
        "code": "};\n",
        "number": 31
      }
    ],
    "owasp": "A09:2021-Logging and Monitoring Failures",
    "id": "FIND-0010",
    "issue": "Improper Exception Handling"
  },
  {
    "id": "FIND-0011",
    "owasp": "A05:2021-Security Misconfiguration",
    "issue": "Integer Overflow via Large Multiplication",
    "context": [
      {
        "number": 36,
        "highlight": false,
        "code": "\n"
      },
      {
        "number": 37,
        "highlight": false,
        "code": "# CWE-190: Integer overflow\n"
      },
      {
        "highlight": true,
        "code": "my $big = 999999 * 999999999;\n",
        "number": 38
      },
      {
        "code": "\n",
        "highlight": false,
        "number": 39
      },
      {
        "code": "# CWE-840: Business Logic Flaw\n",
        "highlight": false,
        "number": 40
      }
    ],
    "line": 38,
    "severity": "Medium",
    "file": "/home/kali/Documents/perl-sast-scanner/perlcode/finaltest/blatant.pl",
    "type": "Pattern-Based",
    "cwe": "CWE-190",
    "code": "my $big = 999999 * 999999999;"
  },
  {
    "issue": "Potential Business Logic Flaw",
    "owasp": "A04:2021-Insecure Design",
    "id": "FIND-0012",
    "cwe": "CWE-840",
    "code": "if ($balance < 0) {",
    "type": "Pattern-Based",
    "context": [
      {
        "number": 40,
        "highlight": false,
        "code": "# CWE-840: Business Logic Flaw\n"
      },
      {
        "code": "my $balance = -1000;\n",
        "highlight": false,
        "number": 41
      },
      {
        "highlight": true,
        "code": "if ($balance < 0) {\n",
        "number": 42
      },
      {
        "number": 43,
        "highlight": false,
        "code": "    print \"Processing refund...\\n\";\n"
      },
      {
        "number": 44,
        "highlight": false,
        "code": "}\n"
      }
    ],
    "file": "/home/kali/Documents/perl-sast-scanner/perlcode/finaltest/blatant.pl",
    "severity": "Medium",
    "line": 42
  },
  {
    "cwe": "CWE-77",
    "code": "my $result = `$cmd`;                       # Dangerous if $cmd is not validated",
    "type": "Pattern-Based",
    "context": [
      {
        "number": 45,
        "highlight": false,
        "code": "\n"
      },
      {
        "number": 46,
        "highlight": false,
        "code": "# CWE-77: Command Injection via backticks\n"
      },
      {
        "highlight": true,
        "code": "my $result = `$cmd`;                       # Dangerous if $cmd is not validated\n",
        "number": 47
      },
      {
        "highlight": false,
        "code": "\n",
        "number": 48
      },
      {
        "code": "# CWE-78: Unescaped user input in command\n",
        "highlight": false,
        "number": 49
      }
    ],
    "severity": "High",
    "file": "/home/kali/Documents/perl-sast-scanner/perlcode/finaltest/blatant.pl",
    "line": 47,
    "issue": "Command Injection via Backticks",
    "owasp": "A03:2021-Injection",
    "id": "FIND-0013"
  },
  {
    "severity": "High",
    "file": "/home/kali/Documents/perl-sast-scanner/perlcode/finaltest/blatant.pl",
    "line": 50,
    "variable": "$input",
    "type": "Taint-Based",
    "owasp": "A03:2021-Injection",
    "context": [
      {
        "code": "\n",
        "highlight": false,
        "number": 48
      },
      {
        "number": 49,
        "highlight": false,
        "code": "# CWE-78: Unescaped user input in command\n"
      },
      {
        "number": 50,
        "code": "system(\"ping $input\");\n",
        "highlight": true
      },
      {
        "number": 51,
        "highlight": false,
        "code": "\n"
      },
      {
        "code": "# CWE-73 + CWE-22: Direct file access + Path traversal\n",
        "highlight": false,
        "number": 52
      }
    ],
    "source": "param",
    "code": "system(\"ping $input\");",
    "cwe": "CWE-78",
    "sink": "system",
    "issue": "Command Injection",
    "id": "FIND-0014"
  },
  {
    "issue": "Unescaped User Input in Command",
    "owasp": "A03:2021-Injection",
    "id": "FIND-0015",
    "severity": "High",
    "line": 50,
    "file": "/home/kali/Documents/perl-sast-scanner/perlcode/finaltest/blatant.pl",
    "context": [
      {
        "number": 48,
        "code": "\n",
        "highlight": false
      },
      {
        "highlight": false,
        "code": "# CWE-78: Unescaped user input in command\n",
        "number": 49
      },
      {
        "highlight": true,
        "code": "system(\"ping $input\");\n",
        "number": 50
      },
      {
        "code": "\n",
        "highlight": false,
        "number": 51
      },
      {
        "number": 52,
        "code": "# CWE-73 + CWE-22: Direct file access + Path traversal\n",
        "highlight": false
      }
    ],
    "code": "system(\"ping $input\");",
    "cwe": "CWE-78",
    "type": "Pattern-Based"
  },
  {
    "sink": "open",
    "code": "open(my $fh, \"<\", $file) or die \"Can't open $file\";",
    "cwe": "CWE-22",
    "source": "param",
    "context": [
      {
        "number": 51,
        "highlight": false,
        "code": "\n"
      },
      {
        "number": 52,
        "highlight": false,
        "code": "# CWE-73 + CWE-22: Direct file access + Path traversal\n"
      },
      {
        "highlight": true,
        "code": "open(my $fh, \"<\", $file) or die \"Can't open $file\";\n",
        "number": 53
      },
      {
        "highlight": false,
        "code": "\n",
        "number": 54
      },
      {
        "highlight": false,
        "code": "# CWE-434: Unrestricted File Upload\n",
        "number": 55
      }
    ],
    "id": "FIND-0016",
    "issue": "Path Traversal via open()",
    "type": "Taint-Based",
    "variable": "$fh",
    "line": 53,
    "severity": "High",
    "file": "/home/kali/Documents/perl-sast-scanner/perlcode/finaltest/blatant.pl",
    "owasp": "A05:2021-Security Misconfiguration"
  },
  {
    "issue": "Direct File Access Based on User Input",
    "owasp": "A05:2021-Security Misconfiguration",
    "id": "FIND-0017",
    "line": 53,
    "severity": "High",
    "file": "/home/kali/Documents/perl-sast-scanner/perlcode/finaltest/blatant.pl",
    "context": [
      {
        "number": 51,
        "highlight": false,
        "code": "\n"
      },
      {
        "highlight": false,
        "code": "# CWE-73 + CWE-22: Direct file access + Path traversal\n",
        "number": 52
      },
      {
        "number": 53,
        "code": "open(my $fh, \"<\", $file) or die \"Can't open $file\";\n",
        "highlight": true
      },
      {
        "code": "\n",
        "highlight": false,
        "number": 54
      },
      {
        "highlight": false,
        "code": "# CWE-434: Unrestricted File Upload\n",
        "number": 55
      }
    ],
    "code": "open(my $fh, \"<\", $file) or die \"Can't open $file\";",
    "cwe": "CWE-73",
    "type": "Pattern-Based"
  },
  {
    "cwe": "CWE-434",
    "code": "my $upload = $q->upload('file');          # No checks on upload",
    "type": "Pattern-Based",
    "context": [
      {
        "number": 54,
        "code": "\n",
        "highlight": false
      },
      {
        "code": "# CWE-434: Unrestricted File Upload\n",
        "highlight": false,
        "number": 55
      },
      {
        "number": 56,
        "code": "my $upload = $q->upload('file');          # No checks on upload\n",
        "highlight": true
      },
      {
        "number": 57,
        "highlight": false,
        "code": "\n"
      },
      {
        "code": "# CWE-94 + CWE-95: Eval from input\n",
        "highlight": false,
        "number": 58
      }
    ],
    "line": 56,
    "severity": "High",
    "file": "/home/kali/Documents/perl-sast-scanner/perlcode/finaltest/blatant.pl",
    "issue": "Unrestricted File Upload",
    "id": "FIND-0018",
    "owasp": "A08:2021-Software and Data Integrity Failures"
  },
  {
    "owasp": "A03:2021-Injection",
    "variable": "$input",
    "type": "Taint-Based",
    "line": 59,
    "severity": "High",
    "file": "/home/kali/Documents/perl-sast-scanner/perlcode/finaltest/blatant.pl",
    "issue": "Code Injection via eval",
    "id": "FIND-0019",
    "code": "eval($input);",
    "cwe": "CWE-94",
    "sink": "eval",
    "context": [
      {
        "number": 57,
        "highlight": false,
        "code": "\n"
      },
      {
        "number": 58,
        "code": "# CWE-94 + CWE-95: Eval from input\n",
        "highlight": false
      },
      {
        "highlight": true,
        "code": "eval($input);\n",
        "number": 59
      },
      {
        "highlight": false,
        "code": "\n",
        "number": 60
      },
      {
        "number": 61,
        "highlight": false,
        "code": "# CWE-502: Deserialization of untrusted data\n"
      }
    ],
    "source": "param"
  },
  {
    "file": "/home/kali/Documents/perl-sast-scanner/perlcode/finaltest/blatant.pl",
    "severity": "High",
    "line": 59,
    "context": [
      {
        "number": 57,
        "highlight": false,
        "code": "\n"
      },
      {
        "number": 58,
        "highlight": false,
        "code": "# CWE-94 + CWE-95: Eval from input\n"
      },
      {
        "highlight": true,
        "code": "eval($input);\n",
        "number": 59
      },
      {
        "highlight": false,
        "code": "\n",
        "number": 60
      },
      {
        "number": 61,
        "highlight": false,
        "code": "# CWE-502: Deserialization of untrusted data\n"
      }
    ],
    "type": "Pattern-Based",
    "code": "eval($input);",
    "cwe": "CWE-502",
    "id": "FIND-0020",
    "owasp": "A08:2021-Software and Data Integrity Failures",
    "issue": "Deserialization of Untrusted Data"
  },
  {
    "context": [
      {
        "highlight": false,
        "code": "\n",
        "number": 57
      },
      {
        "highlight": false,
        "code": "# CWE-94 + CWE-95: Eval from input\n",
        "number": 58
      },
      {
        "code": "eval($input);\n",
        "highlight": true,
        "number": 59
      },
      {
        "number": 60,
        "highlight": false,
        "code": "\n"
      },
      {
        "number": 61,
        "code": "# CWE-502: Deserialization of untrusted data\n",
        "highlight": false
      }
    ],
    "severity": "High",
    "line": 59,
    "file": "/home/kali/Documents/perl-sast-scanner/perlcode/finaltest/blatant.pl",
    "type": "Pattern-Based",
    "cwe": "CWE-95",
    "code": "eval($input);",
    "owasp": "A08:2021-Software and Data Integrity Failures",
    "id": "FIND-0021",
    "issue": "Unrestricted Use of eval()"
  },
  {
    "owasp": "A03:2021-Injection",
    "type": "Taint-Based",
    "variable": "$decoded",
    "severity": "High",
    "line": 63,
    "file": "/home/kali/Documents/perl-sast-scanner/perlcode/finaltest/blatant.pl",
    "id": "FIND-0022",
    "issue": "Code Injection via eval",
    "sink": "eval",
    "code": "my $decoded = eval { decode_json($json) };  # No validation",
    "cwe": "CWE-94",
    "source": "param",
    "context": [
      {
        "highlight": false,
        "code": "# CWE-502: Deserialization of untrusted data\n",
        "number": 61
      },
      {
        "number": 62,
        "code": "my $json = $q->param('json');\n",
        "highlight": false
      },
      {
        "highlight": true,
        "code": "my $decoded = eval { decode_json($json) };  # No validation\n",
        "number": 63
      },
      {
        "highlight": false,
        "code": "\n",
        "number": 64
      },
      {
        "number": 65,
        "code": "# CWE-601: Unvalidated Redirect\n",
        "highlight": false
      }
    ]
  },
  {
    "issue": "Improper Exception Handling",
    "owasp": "A09:2021-Logging and Monitoring Failures",
    "id": "FIND-0023",
    "cwe": "CWE-703",
    "code": "my $decoded = eval { decode_json($json) };  # No validation",
    "type": "Pattern-Based",
    "context": [
      {
        "code": "# CWE-502: Deserialization of untrusted data\n",
        "highlight": false,
        "number": 61
      },
      {
        "number": 62,
        "highlight": false,
        "code": "my $json = $q->param('json');\n"
      },
      {
        "number": 63,
        "code": "my $decoded = eval { decode_json($json) };  # No validation\n",
        "highlight": true
      },
      {
        "number": 64,
        "code": "\n",
        "highlight": false
      },
      {
        "code": "# CWE-601: Unvalidated Redirect\n",
        "highlight": false,
        "number": 65
      }
    ],
    "severity": "Medium",
    "file": "/home/kali/Documents/perl-sast-scanner/perlcode/finaltest/blatant.pl",
    "line": 63
  },
  {
    "type": "Pattern-Based",
    "cwe": "CWE-601",
    "code": "print $q->redirect($redir);               # No domain whitelist",
    "context": [
      {
        "highlight": false,
        "code": "# CWE-601: Unvalidated Redirect\n",
        "number": 65
      },
      {
        "number": 66,
        "code": "my $redir = $q->param('redir');\n",
        "highlight": false
      },
      {
        "highlight": true,
        "code": "print $q->redirect($redir);               # No domain whitelist\n",
        "number": 67
      },
      {
        "code": "\n",
        "highlight": false,
        "number": 68
      },
      {
        "code": "# CWE-287: Broken Authentication\n",
        "highlight": false,
        "number": 69
      }
    ],
    "severity": "Medium",
    "line": 67,
    "file": "/home/kali/Documents/perl-sast-scanner/perlcode/finaltest/blatant.pl",
    "id": "FIND-0024",
    "owasp": "A01:2021-Broken Access Control",
    "issue": "Unvalidated Redirect"
  },
  {
    "id": "FIND-0025",
    "owasp": "A07:2021-Identification and Authentication Failures",
    "issue": "Broken Authentication (no validation)",
    "context": [
      {
        "highlight": false,
        "code": "\n",
        "number": 68
      },
      {
        "number": 69,
        "code": "# CWE-287: Broken Authentication\n",
        "highlight": false
      },
      {
        "highlight": true,
        "code": "if ($user eq 'admin') {                   # No password check\n",
        "number": 70
      },
      {
        "number": 71,
        "highlight": false,
        "code": "    print \"Logged in as admin\\n\";\n"
      },
      {
        "highlight": false,
        "code": "}\n",
        "number": 72
      }
    ],
    "severity": "High",
    "line": 70,
    "file": "/home/kali/Documents/perl-sast-scanner/perlcode/finaltest/blatant.pl",
    "type": "Pattern-Based",
    "cwe": "CWE-287",
    "code": "if ($user eq 'admin') {                   # No password check"
  },
  {
    "line": 85,
    "severity": "High",
    "file": "/home/kali/Documents/perl-sast-scanner/perlcode/finaltest/blatant.pl",
    "context": [
      {
        "number": 83,
        "code": "\n",
        "highlight": false
      },
      {
        "number": 84,
        "code": "# CWE-276: Incorrect permissions\n",
        "highlight": false
      },
      {
        "code": "chmod(0777, \"./sensitive.txt\");\n",
        "highlight": true,
        "number": 85
      },
      {
        "highlight": false,
        "code": "\n",
        "number": 86
      },
      {
        "number": 87,
        "highlight": false,
        "code": "# CWE-276: Permissive umask\n"
      }
    ],
    "code": "chmod(0777, \"./sensitive.txt\");",
    "cwe": "CWE-276",
    "type": "Pattern-Based",
    "issue": "Incorrect Default Permissions",
    "id": "FIND-0026",
    "owasp": "A05:2021-Security Misconfiguration"
  },
  {
    "code": "umask(0000);",
    "cwe": "CWE-276",
    "type": "Pattern-Based",
    "severity": "High",
    "line": 88,
    "file": "/home/kali/Documents/perl-sast-scanner/perlcode/finaltest/blatant.pl",
    "context": [
      {
        "number": 86,
        "code": "\n",
        "highlight": false
      },
      {
        "number": 87,
        "code": "# CWE-276: Permissive umask\n",
        "highlight": false
      },
      {
        "code": "umask(0000);\n",
        "highlight": true,
        "number": 88
      },
      {
        "highlight": false,
        "code": "\n",
        "number": 89
      },
      {
        "highlight": false,
        "code": "# CWE-256: Plaintext credential storage\n",
        "number": 90
      }
    ],
    "issue": "Improper Control of Access Permissions",
    "owasp": "A01:2021-Broken Access Control",
    "id": "FIND-0027"
  },
  {
    "context": [
      {
        "number": 89,
        "code": "\n",
        "highlight": false
      },
      {
        "code": "# CWE-256: Plaintext credential storage\n",
        "highlight": false,
        "number": 90
      },
      {
        "number": 91,
        "code": "store($user, $pass);\n",
        "highlight": true
      },
      {
        "code": "\n",
        "highlight": false,
        "number": 92
      },
      {
        "number": 93,
        "code": "# CWE-778: Missing auth logs\n",
        "highlight": false
      }
    ],
    "severity": "High",
    "line": 91,
    "file": "/home/kali/Documents/perl-sast-scanner/perlcode/finaltest/blatant.pl",
    "type": "Pattern-Based",
    "cwe": "CWE-256",
    "code": "store($user, $pass);",
    "id": "FIND-0028",
    "owasp": "A02:2021-Cryptographic Failures",
    "issue": "Plaintext Credential Storage"
  },
  {
    "context": [
      {
        "number": 97,
        "highlight": false,
        "code": "\n"
      },
      {
        "highlight": false,
        "code": "# CWE-209: Error message leakage\n",
        "number": 98
      },
      {
        "highlight": true,
        "code": "die(\"Failed to process user: $user\");     # Leaks input\n",
        "number": 99
      },
      {
        "code": "\n",
        "highlight": false,
        "number": 100
      },
      {
        "highlight": false,
        "code": "# CWE-116: XSS from output\n",
        "number": 101
      }
    ],
    "line": 99,
    "severity": "Low",
    "file": "/home/kali/Documents/perl-sast-scanner/perlcode/finaltest/blatant.pl",
    "type": "Pattern-Based",
    "cwe": "CWE-209",
    "code": "die(\"Failed to process user: $user\");     # Leaks input",
    "id": "FIND-0029",
    "owasp": "A09:2021-Logging and Monitoring Failures",
    "issue": "Improper Error Message Disclosure"
  },
  {
    "line": 102,
    "severity": "High",
    "file": "/home/kali/Documents/perl-sast-scanner/perlcode/finaltest/blatant.pl",
    "context": [
      {
        "number": 100,
        "code": "\n",
        "highlight": false
      },
      {
        "code": "# CWE-116: XSS from output\n",
        "highlight": false,
        "number": 101
      },
      {
        "number": 102,
        "highlight": true,
        "code": "print $q->param(\"name\");                  # No HTML escaping\n"
      },
      {
        "number": 103,
        "highlight": false,
        "code": "\n"
      },
      {
        "code": "# CWE-117: Improper neutralization in logs\n",
        "highlight": false,
        "number": 104
      }
    ],
    "type": "Pattern-Based",
    "code": "print $q->param(\"name\");                  # No HTML escaping",
    "cwe": "CWE-79",
    "owasp": "A03:2021-Injection",
    "id": "FIND-0030",
    "issue": "XSS via direct print of param"
  },
  {
    "issue": "Improper Output Encoding (XSS Risk)",
    "id": "FIND-0031",
    "owasp": "A03:2021-Injection",
    "file": "/home/kali/Documents/perl-sast-scanner/perlcode/finaltest/blatant.pl",
    "severity": "High",
    "line": 102,
    "context": [
      {
        "number": 100,
        "highlight": false,
        "code": "\n"
      },
      {
        "highlight": false,
        "code": "# CWE-116: XSS from output\n",
        "number": 101
      },
      {
        "number": 102,
        "code": "print $q->param(\"name\");                  # No HTML escaping\n",
        "highlight": true
      },
      {
        "code": "\n",
        "highlight": false,
        "number": 103
      },
      {
        "number": 104,
        "code": "# CWE-117: Improper neutralization in logs\n",
        "highlight": false
      }
    ],
    "code": "print $q->param(\"name\");                  # No HTML escaping",
    "cwe": "CWE-116",
    "type": "Pattern-Based"
  },
  {
    "context": [
      {
        "code": "\n",
        "highlight": false,
        "number": 107
      },
      {
        "number": 108,
        "code": "# CWE-377: Insecure temporary file creation\n",
        "highlight": false
      },
      {
        "number": 109,
        "code": "my $tmp = tmpnam();\n",
        "highlight": true
      },
      {
        "number": 110,
        "code": "open my $tfh, \">\", $tmp;\n",
        "highlight": false
      },
      {
        "number": 111,
        "highlight": false,
        "code": "\n"
      }
    ],
    "line": 109,
    "severity": "Medium",
    "file": "/home/kali/Documents/perl-sast-scanner/perlcode/finaltest/blatant.pl",
    "cwe": "CWE-377",
    "code": "my $tmp = tmpnam();",
    "type": "Pattern-Based",
    "issue": "Insecure Temporary File Creation",
    "owasp": "A05:2021-Security Misconfiguration",
    "id": "FIND-0032"
  },
  {
    "issue": "Path Traversal via open()",
    "id": "FIND-0033",
    "context": [
      {
        "number": 108,
        "highlight": false,
        "code": "# CWE-377: Insecure temporary file creation\n"
      },
      {
        "highlight": false,
        "code": "my $tmp = tmpnam();\n",
        "number": 109
      },
      {
        "number": 110,
        "highlight": true,
        "code": "open my $tfh, \">\", $tmp;\n"
      },
      {
        "number": 111,
        "highlight": false,
        "code": "\n"
      },
      {
        "code": "# CWE-362: Race condition\n",
        "highlight": false,
        "number": 112
      }
    ],
    "source": "param",
    "code": "open my $tfh, \">\", $tmp;",
    "cwe": "CWE-22",
    "sink": "open",
    "owasp": "A05:2021-Security Misconfiguration",
    "file": "/home/kali/Documents/perl-sast-scanner/perlcode/finaltest/blatant.pl",
    "severity": "High",
    "line": 110,
    "variable": "$tfh",
    "type": "Taint-Based"
  },
  {
    "owasp": "A05:2021-Security Misconfiguration",
    "id": "FIND-0034",
    "issue": "Use of fork() (Race Condition Risk)",
    "file": "/home/kali/Documents/perl-sast-scanner/perlcode/finaltest/blatant.pl",
    "severity": "Medium",
    "line": 113,
    "context": [
      {
        "highlight": false,
        "code": "\n",
        "number": 111
      },
      {
        "number": 112,
        "highlight": false,
        "code": "# CWE-362: Race condition\n"
      },
      {
        "highlight": true,
        "code": "if (fork() == 0) {\n",
        "number": 113
      },
      {
        "number": 114,
        "highlight": false,
        "code": "    print \"Child process doing stuff\\n\";\n"
      },
      {
        "highlight": false,
        "code": "    exit;\n",
        "number": 115
      }
    ],
    "type": "Pattern-Based",
    "code": "if (fork() == 0) {",
    "cwe": "CWE-362"
  },
  {
    "context": [
      {
        "highlight": false,
        "code": "\n",
        "number": 117
      },
      {
        "number": 118,
        "highlight": false,
        "code": "# CWE-327: Use of MD5\n"
      },
      {
        "code": "my $digest = md5_hex($pass);\n",
        "highlight": true,
        "number": 119
      },
      {
        "number": 120,
        "code": "\n",
        "highlight": false
      },
      {
        "number": 121,
        "highlight": false,
        "code": "# CWE-338: Weak random number\n"
      }
    ],
    "file": "/home/kali/Documents/perl-sast-scanner/perlcode/finaltest/blatant.pl",
    "severity": "Medium",
    "line": 119,
    "cwe": "CWE-327",
    "code": "my $digest = md5_hex($pass);",
    "type": "Pattern-Based",
    "issue": "Use of MD5",
    "owasp": "A02:2021-Cryptographic Failures",
    "id": "FIND-0035"
  },
  {
    "severity": "Medium",
    "line": 122,
    "file": "/home/kali/Documents/perl-sast-scanner/perlcode/finaltest/blatant.pl",
    "context": [
      {
        "number": 120,
        "code": "\n",
        "highlight": false
      },
      {
        "highlight": false,
        "code": "# CWE-338: Weak random number\n",
        "number": 121
      },
      {
        "number": 122,
        "highlight": true,
        "code": "my $token = int(rand(1000000));\n"
      },
      {
        "number": 123,
        "code": "\n",
        "highlight": false
      },
      {
        "number": 124,
        "highlight": false,
        "code": "# CWE-1333: Weak input regex\n"
      }
    ],
    "type": "Pattern-Based",
    "code": "my $token = int(rand(1000000));",
    "cwe": "CWE-338",
    "owasp": "A02:2021-Cryptographic Failures",
    "id": "FIND-0036",
    "issue": "Improper Use of Random Number Generator"
  },
  {
    "id": "FIND-0037",
    "owasp": "A04:2021-Insecure Design",
    "issue": "Weak Input Regex Validation",
    "severity": "Medium",
    "file": "/home/kali/Documents/perl-sast-scanner/perlcode/finaltest/blatant.pl",
    "line": 125,
    "context": [
      {
        "code": "\n",
        "highlight": false,
        "number": 123
      },
      {
        "highlight": false,
        "code": "# CWE-1333: Weak input regex\n",
        "number": 124
      },
      {
        "code": "if ($input =~ /.*password.*/) {\n",
        "highlight": true,
        "number": 125
      },
      {
        "number": 126,
        "code": "    print \"Found password\\n\";\n",
        "highlight": false
      },
      {
        "highlight": false,
        "code": "}\n",
        "number": 127
      }
    ],
    "type": "Pattern-Based",
    "code": "if ($input =~ /.*password.*/) {",
    "cwe": "CWE-1333"
  },
  {
    "issue": "Missing CSRF Token in Form",
    "owasp": "A01:2021-Broken Access Control",
    "id": "FIND-0038",
    "file": "/home/kali/Documents/perl-sast-scanner/perlcode/finaltest/blatant.pl",
    "severity": "High",
    "line": 130,
    "context": [
      {
        "highlight": false,
        "code": "\n",
        "number": 128
      },
      {
        "number": 129,
        "highlight": false,
        "code": "# CWE-352: Missing CSRF token\n"
      },
      {
        "highlight": true,
        "code": "print \"<form action='/submit' method='POST'>\";  # No CSRF token\n",
        "number": 130
      },
      {
        "number": 131,
        "highlight": false,
        "code": "print \"<input name='data'>\";\n"
      },
      {
        "number": 132,
        "code": "print \"</form>\";\n",
        "highlight": false
      }
    ],
    "code": "print \"<form action='/submit' method='POST'>\";  # No CSRF token",
    "cwe": "CWE-352",
    "type": "Pattern-Based"
  },
  {
    "sink": "open",
    "code": "    open my $log, '>>', 'logfile.log';",
    "cwe": "CWE-22",
    "source": "param",
    "context": [
      {
        "code": "sub log_action {\n",
        "highlight": false,
        "number": 140
      },
      {
        "number": 141,
        "highlight": false,
        "code": "    my $msg = shift;\n"
      },
      {
        "code": "    open my $log, '>>', 'logfile.log';\n",
        "highlight": true,
        "number": 142
      },
      {
        "number": 143,
        "code": "    print $log \"LOG: $msg\\n\";             # CWE-117\n",
        "highlight": false
      },
      {
        "code": "    close $log;\n",
        "highlight": false,
        "number": 144
      }
    ],
    "id": "FIND-0039",
    "issue": "Path Traversal via open()",
    "type": "Taint-Based",
    "variable": "$log",
    "line": 142,
    "severity": "High",
    "file": "/home/kali/Documents/perl-sast-scanner/perlcode/finaltest/blatant.pl",
    "owasp": "A05:2021-Security Misconfiguration"
  },
  {
    "owasp": "A05:2021-Security Misconfiguration",
    "id": "FIND-0040",
    "issue": "Improper Restriction of Operations in Buffer",
    "file": "/home/kali/Documents/perl-sast-scanner/perlcode/finaltest/blatant.pl",
    "severity": "Medium",
    "line": 149,
    "context": [
      {
        "number": 147,
        "highlight": false,
        "code": "# CWE-119: Buffer operation risk\n"
      },
      {
        "highlight": false,
        "code": "my $str = \"abc\";\n",
        "number": 148
      },
      {
        "number": 149,
        "code": "my $substr = substr($str, -5, 2);         # Negative index access\n",
        "highlight": true
      },
      {
        "number": 150,
        "code": "\n",
        "highlight": false
      },
      {
        "code": "# CWE-306: Missing auth on critical route\n",
        "highlight": false,
        "number": 151
      }
    ],
    "type": "Pattern-Based",
    "code": "my $substr = substr($str, -5, 2);         # Negative index access",
    "cwe": "CWE-119"
  },
  {
    "sink": "open",
    "code": "    open my $db, \">>\", \"users.txt\";",
    "cwe": "CWE-22",
    "source": "param",
    "context": [
      {
        "number": 160,
        "code": "sub store {\n",
        "highlight": false
      },
      {
        "number": 161,
        "code": "    my ($u, $p) = @_;\n",
        "highlight": false
      },
      {
        "number": 162,
        "code": "    open my $db, \">>\", \"users.txt\";\n",
        "highlight": true
      },
      {
        "number": 163,
        "code": "    print $db \"$u:$p\\n\";                  # Plaintext credential storage\n",
        "highlight": false
      },
      {
        "number": 164,
        "highlight": false,
        "code": "    close $db;\n"
      }
    ],
    "id": "FIND-0041",
    "issue": "Path Traversal via open()",
    "type": "Taint-Based",
    "variable": "$db",
    "severity": "High",
    "line": 162,
    "file": "/home/kali/Documents/perl-sast-scanner/perlcode/finaltest/blatant.pl",
    "owasp": "A05:2021-Security Misconfiguration"
  }
]