[
  {
    "severity": "Medium",
    "cwe": "CWE-918",
    "file": "/home/kali/Documents/perl-sast-scanner/perlcode/finaltest/blatant.pl",
    "line": 5,
    "owasp": "A10:2021-SSRF",
    "type": "Pattern-Based",
    "id": "FIND-0001",
    "code": "use LWP::UserAgent;",
    "issue": "Server Side Request Forgery (SSRF)",
    "context": [
      {
        "code": "use warnings;\n",
        "highlight": false,
        "number": 3
      },
      {
        "code": "use CGI;\n",
        "highlight": false,
        "number": 4
      },
      {
        "highlight": true,
        "code": "use LWP::UserAgent;\n",
        "number": 5
      },
      {
        "number": 6,
        "highlight": false,
        "code": "use Digest::MD5 qw(md5_hex);               # CWE-327: Use of MD5\n"
      },
      {
        "number": 7,
        "code": "use Data::Dumper;                          # CWE-117: Debug Module Enabled\n",
        "highlight": false
      }
    ]
  },
  {
    "severity": "Medium",
    "owasp": "A02:2021-Cryptographic Failures",
    "type": "Pattern-Based",
    "line": 6,
    "cwe": "CWE-327",
    "file": "/home/kali/Documents/perl-sast-scanner/perlcode/finaltest/blatant.pl",
    "id": "FIND-0002",
    "context": [
      {
        "code": "use CGI;\n",
        "highlight": false,
        "number": 4
      },
      {
        "code": "use LWP::UserAgent;\n",
        "highlight": false,
        "number": 5
      },
      {
        "code": "use Digest::MD5 qw(md5_hex);               # CWE-327: Use of MD5\n",
        "highlight": true,
        "number": 6
      },
      {
        "code": "use Data::Dumper;                          # CWE-117: Debug Module Enabled\n",
        "highlight": false,
        "number": 7
      },
      {
        "number": 8,
        "highlight": false,
        "code": "use Crypt::DES;                            # CWE-327: Weak Cipher\n"
      }
    ],
    "code": "use Digest::MD5 qw(md5_hex);               # CWE-327: Use of MD5",
    "issue": "Use of MD5"
  },
  {
    "id": "FIND-0003",
    "context": [
      {
        "number": 4,
        "highlight": false,
        "code": "use CGI;\n"
      },
      {
        "highlight": false,
        "code": "use LWP::UserAgent;\n",
        "number": 5
      },
      {
        "number": 6,
        "code": "use Digest::MD5 qw(md5_hex);               # CWE-327: Use of MD5\n",
        "highlight": true
      },
      {
        "code": "use Data::Dumper;                          # CWE-117: Debug Module Enabled\n",
        "highlight": false,
        "number": 7
      },
      {
        "number": 8,
        "highlight": false,
        "code": "use Crypt::DES;                            # CWE-327: Weak Cipher\n"
      }
    ],
    "issue": "Use of Vulnerable Perl Module",
    "code": "use Digest::MD5 qw(md5_hex);               # CWE-327: Use of MD5",
    "severity": "Medium",
    "type": "Pattern-Based",
    "owasp": "A06:2021-Vulnerable and Outdated Components",
    "cwe": "CWE-1104",
    "line": 6,
    "file": "/home/kali/Documents/perl-sast-scanner/perlcode/finaltest/blatant.pl"
  },
  {
    "severity": "Low",
    "type": "Pattern-Based",
    "owasp": "A09:2021-Logging and Monitoring Failures",
    "cwe": "CWE-117",
    "line": 7,
    "file": "/home/kali/Documents/perl-sast-scanner/perlcode/finaltest/blatant.pl",
    "id": "FIND-0004",
    "context": [
      {
        "number": 5,
        "highlight": false,
        "code": "use LWP::UserAgent;\n"
      },
      {
        "highlight": false,
        "code": "use Digest::MD5 qw(md5_hex);               # CWE-327: Use of MD5\n",
        "number": 6
      },
      {
        "code": "use Data::Dumper;                          # CWE-117: Debug Module Enabled\n",
        "highlight": true,
        "number": 7
      },
      {
        "number": 8,
        "highlight": false,
        "code": "use Crypt::DES;                            # CWE-327: Weak Cipher\n"
      },
      {
        "number": 9,
        "highlight": false,
        "code": "use JSON;\n"
      }
    ],
    "issue": "Debug Module Enabled",
    "code": "use Data::Dumper;                          # CWE-117: Debug Module Enabled"
  },
  {
    "severity": "High",
    "file": "/home/kali/Documents/perl-sast-scanner/perlcode/finaltest/blatant.pl",
    "cwe": "CWE-327",
    "line": 8,
    "type": "Pattern-Based",
    "owasp": "A02:2021-Cryptographic Failures",
    "id": "FIND-0005",
    "issue": "Use of Weak Cipher",
    "code": "use Crypt::DES;                            # CWE-327: Weak Cipher",
    "context": [
      {
        "number": 6,
        "code": "use Digest::MD5 qw(md5_hex);               # CWE-327: Use of MD5\n",
        "highlight": false
      },
      {
        "number": 7,
        "code": "use Data::Dumper;                          # CWE-117: Debug Module Enabled\n",
        "highlight": false
      },
      {
        "highlight": true,
        "code": "use Crypt::DES;                            # CWE-327: Weak Cipher\n",
        "number": 8
      },
      {
        "highlight": false,
        "code": "use JSON;\n",
        "number": 9
      },
      {
        "highlight": false,
        "code": "use Fcntl qw(:DEFAULT :flock);\n",
        "number": 10
      }
    ]
  },
  {
    "id": "FIND-0006",
    "issue": "Hardcoded Password",
    "code": "my $admin_password = \"SuperSecret123\";",
    "context": [
      {
        "number": 12,
        "highlight": false,
        "code": "\n"
      },
      {
        "number": 13,
        "highlight": false,
        "code": "# CWE-798: Hardcoded credentials\n"
      },
      {
        "number": 14,
        "code": "my $admin_password = \"SuperSecret123\";\n",
        "highlight": true
      },
      {
        "number": 15,
        "highlight": false,
        "code": "my $api_key = \"apikey12345678\";\n"
      },
      {
        "number": 16,
        "code": "\n",
        "highlight": false
      }
    ],
    "severity": "High",
    "cwe": "CWE-798",
    "file": "/home/kali/Documents/perl-sast-scanner/perlcode/finaltest/blatant.pl",
    "line": 14,
    "type": "Pattern-Based",
    "owasp": "A07:2021-Identification and Authentication Failures"
  },
  {
    "id": "FIND-0007",
    "context": [
      {
        "number": 13,
        "highlight": false,
        "code": "# CWE-798: Hardcoded credentials\n"
      },
      {
        "number": 14,
        "code": "my $admin_password = \"SuperSecret123\";\n",
        "highlight": false
      },
      {
        "highlight": true,
        "code": "my $api_key = \"apikey12345678\";\n",
        "number": 15
      },
      {
        "code": "\n",
        "highlight": false,
        "number": 16
      },
      {
        "number": 17,
        "highlight": false,
        "code": "# CWE-538: Exposed config file\n"
      }
    ],
    "code": "my $api_key = \"apikey12345678\";",
    "issue": "Hardcoded Secret/API Key",
    "severity": "High",
    "owasp": "A02:2021-Cryptographic Failures",
    "type": "Pattern-Based",
    "file": "/home/kali/Documents/perl-sast-scanner/perlcode/finaltest/blatant.pl",
    "cwe": "CWE-798",
    "line": 15
  },
  {
    "id": "FIND-0008",
    "issue": "Exposed Config or Env File",
    "code": "require \"./config.pl\";",
    "context": [
      {
        "code": "\n",
        "highlight": false,
        "number": 16
      },
      {
        "number": 17,
        "highlight": false,
        "code": "# CWE-538: Exposed config file\n"
      },
      {
        "number": 18,
        "code": "require \"./config.pl\";\n",
        "highlight": true
      },
      {
        "number": 19,
        "code": "\n",
        "highlight": false
      },
      {
        "number": 20,
        "code": "# User input sources\n",
        "highlight": false
      }
    ],
    "severity": "High",
    "cwe": "CWE-538",
    "line": 18,
    "file": "/home/kali/Documents/perl-sast-scanner/perlcode/finaltest/blatant.pl",
    "type": "Pattern-Based",
    "owasp": "A05:2021-Security Misconfiguration"
  },
  {
    "cwe": "CWE-94",
    "line": 29,
    "type": "Taint-Based",
    "context": [
      {
        "highlight": false,
        "code": "\n",
        "number": 27
      },
      {
        "highlight": false,
        "code": "# CWE-703: Improper Exception Handling\n",
        "number": 28
      },
      {
        "highlight": true,
        "code": "eval {\n",
        "number": 29
      },
      {
        "code": "    my $risky = risky_function($input);\n",
        "highlight": false,
        "number": 30
      },
      {
        "code": "};\n",
        "highlight": false,
        "number": 31
      }
    ],
    "variable": "",
    "file": "/home/kali/Documents/perl-sast-scanner/perlcode/finaltest/blatant.pl",
    "owasp": "A03:2021-Injection",
    "source": "param",
    "sink": "eval",
    "severity": "High",
    "issue": "Code Injection via eval",
    "code": "eval {",
    "id": "FIND-0009"
  },
  {
    "id": "FIND-0010",
    "context": [
      {
        "number": 27,
        "code": "\n",
        "highlight": false
      },
      {
        "highlight": false,
        "code": "# CWE-703: Improper Exception Handling\n",
        "number": 28
      },
      {
        "highlight": true,
        "code": "eval {\n",
        "number": 29
      },
      {
        "highlight": false,
        "code": "    my $risky = risky_function($input);\n",
        "number": 30
      },
      {
        "number": 31,
        "highlight": false,
        "code": "};\n"
      }
    ],
    "code": "eval {",
    "issue": "Improper Exception Handling",
    "severity": "Medium",
    "owasp": "A09:2021-Logging and Monitoring Failures",
    "type": "Pattern-Based",
    "file": "/home/kali/Documents/perl-sast-scanner/perlcode/finaltest/blatant.pl",
    "cwe": "CWE-703",
    "line": 29
  },
  {
    "id": "FIND-0011",
    "context": [
      {
        "number": 27,
        "highlight": false,
        "code": "\n"
      },
      {
        "number": 28,
        "code": "# CWE-703: Improper Exception Handling\n",
        "highlight": false
      },
      {
        "code": "eval {\n",
        "highlight": true,
        "number": 29
      },
      {
        "number": 30,
        "code": "    my $risky = risky_function($input);\n",
        "highlight": false
      },
      {
        "number": 31,
        "highlight": false,
        "code": "};\n"
      }
    ],
    "code": "eval {",
    "issue": "Eval Block \u00c3\u00a2\u00c2\u0080\u00c2\u0093 No Error Handling",
    "severity": "Medium",
    "owasp": "A09:2021-Logging and Monitoring Failures",
    "type": "Structural",
    "line": 29,
    "cwe": "CWE-703",
    "file": "/home/kali/Documents/perl-sast-scanner/perlcode/finaltest/blatant.pl"
  },
  {
    "severity": "Low",
    "line": 35,
    "cwe": "CWE-476",
    "file": "/home/kali/Documents/perl-sast-scanner/perlcode/finaltest/blatant.pl",
    "type": "Pattern-Based",
    "owasp": "A05:2021-Security Misconfiguration",
    "id": "FIND-0012",
    "issue": "NULL Dereference via length()",
    "code": "print length($undef_var);                  # Null deref risk",
    "context": [
      {
        "number": 33,
        "code": "# CWE-476: NULL Dereference\n",
        "highlight": false
      },
      {
        "number": 34,
        "highlight": false,
        "code": "my $undef_var;\n"
      },
      {
        "code": "print length($undef_var);                  # Null deref risk\n",
        "highlight": true,
        "number": 35
      },
      {
        "number": 36,
        "code": "\n",
        "highlight": false
      },
      {
        "code": "# CWE-190: Integer overflow\n",
        "highlight": false,
        "number": 37
      }
    ]
  },
  {
    "line": 35,
    "cwe": "CWE-117",
    "file": "/home/kali/Documents/perl-sast-scanner/perlcode/finaltest/blatant.pl",
    "type": "Pattern-Based",
    "owasp": "A09:2021-Logging and Monitoring Failures",
    "severity": "Medium",
    "issue": "Improper Logging of User Input",
    "code": "print length($undef_var);                  # Null deref risk",
    "context": [
      {
        "highlight": false,
        "code": "# CWE-476: NULL Dereference\n",
        "number": 33
      },
      {
        "number": 34,
        "highlight": false,
        "code": "my $undef_var;\n"
      },
      {
        "number": 35,
        "highlight": true,
        "code": "print length($undef_var);                  # Null deref risk\n"
      },
      {
        "code": "\n",
        "highlight": false,
        "number": 36
      },
      {
        "number": 37,
        "code": "# CWE-190: Integer overflow\n",
        "highlight": false
      }
    ],
    "id": "FIND-0013"
  },
  {
    "issue": "Integer Overflow via Large Multiplication",
    "code": "my $big = 999999 * 999999999;",
    "context": [
      {
        "highlight": false,
        "code": "\n",
        "number": 36
      },
      {
        "number": 37,
        "code": "# CWE-190: Integer overflow\n",
        "highlight": false
      },
      {
        "number": 38,
        "highlight": true,
        "code": "my $big = 999999 * 999999999;\n"
      },
      {
        "code": "\n",
        "highlight": false,
        "number": 39
      },
      {
        "code": "# CWE-840: Business Logic Flaw\n",
        "highlight": false,
        "number": 40
      }
    ],
    "id": "FIND-0014",
    "line": 38,
    "cwe": "CWE-190",
    "file": "/home/kali/Documents/perl-sast-scanner/perlcode/finaltest/blatant.pl",
    "type": "Pattern-Based",
    "owasp": "A05:2021-Security Misconfiguration",
    "severity": "Medium"
  },
  {
    "id": "FIND-0015",
    "issue": "Potential Business Logic Flaw",
    "code": "if ($balance < 0) {",
    "context": [
      {
        "number": 40,
        "code": "# CWE-840: Business Logic Flaw\n",
        "highlight": false
      },
      {
        "number": 41,
        "code": "my $balance = -1000;\n",
        "highlight": false
      },
      {
        "highlight": true,
        "code": "if ($balance < 0) {\n",
        "number": 42
      },
      {
        "highlight": false,
        "code": "    print \"Processing refund...\\n\";\n",
        "number": 43
      },
      {
        "number": 44,
        "highlight": false,
        "code": "}\n"
      }
    ],
    "severity": "Medium",
    "cwe": "CWE-840",
    "file": "/home/kali/Documents/perl-sast-scanner/perlcode/finaltest/blatant.pl",
    "line": 42,
    "type": "Pattern-Based",
    "owasp": "A04:2021-Insecure Design"
  },
  {
    "severity": "High",
    "cwe": "CWE-77",
    "file": "/home/kali/Documents/perl-sast-scanner/perlcode/finaltest/blatant.pl",
    "line": 47,
    "owasp": "A03:2021-Injection",
    "type": "Pattern-Based",
    "id": "FIND-0016",
    "code": "my $result = `$cmd`;                       # Dangerous if $cmd is not validated",
    "issue": "Command Injection via Backticks",
    "context": [
      {
        "code": "\n",
        "highlight": false,
        "number": 45
      },
      {
        "highlight": false,
        "code": "# CWE-77: Command Injection via backticks\n",
        "number": 46
      },
      {
        "highlight": true,
        "code": "my $result = `$cmd`;                       # Dangerous if $cmd is not validated\n",
        "number": 47
      },
      {
        "code": "\n",
        "highlight": false,
        "number": 48
      },
      {
        "number": 49,
        "code": "# CWE-78: Unescaped user input in command\n",
        "highlight": false
      }
    ]
  },
  {
    "id": "FIND-0017",
    "issue": "Command Injection",
    "code": "system(\"ping $input\");",
    "source": "param",
    "sink": "system",
    "severity": "High",
    "owasp": "A03:2021-Injection",
    "file": "/home/kali/Documents/perl-sast-scanner/perlcode/finaltest/blatant.pl",
    "variable": "$input",
    "context": [
      {
        "number": 48,
        "code": "\n",
        "highlight": false
      },
      {
        "highlight": false,
        "code": "# CWE-78: Unescaped user input in command\n",
        "number": 49
      },
      {
        "number": 50,
        "highlight": true,
        "code": "system(\"ping $input\");\n"
      },
      {
        "code": "\n",
        "highlight": false,
        "number": 51
      },
      {
        "code": "# CWE-73 + CWE-22: Direct file access + Path traversal\n",
        "highlight": false,
        "number": 52
      }
    ],
    "type": "Taint-Based",
    "line": 50,
    "cwe": "CWE-78"
  },
  {
    "context": [
      {
        "code": "\n",
        "highlight": false,
        "number": 48
      },
      {
        "number": 49,
        "highlight": false,
        "code": "# CWE-78: Unescaped user input in command\n"
      },
      {
        "number": 50,
        "highlight": true,
        "code": "system(\"ping $input\");\n"
      },
      {
        "highlight": false,
        "code": "\n",
        "number": 51
      },
      {
        "number": 52,
        "code": "# CWE-73 + CWE-22: Direct file access + Path traversal\n",
        "highlight": false
      }
    ],
    "code": "system(\"ping $input\");",
    "issue": "Unescaped User Input in Command",
    "id": "FIND-0018",
    "owasp": "A03:2021-Injection",
    "type": "Pattern-Based",
    "cwe": "CWE-78",
    "file": "/home/kali/Documents/perl-sast-scanner/perlcode/finaltest/blatant.pl",
    "line": 50,
    "severity": "High"
  },
  {
    "variable": "$fh",
    "context": [
      {
        "number": 51,
        "highlight": false,
        "code": "\n"
      },
      {
        "number": 52,
        "highlight": false,
        "code": "# CWE-73 + CWE-22: Direct file access + Path traversal\n"
      },
      {
        "highlight": true,
        "code": "open(my $fh, \"<\", $file) or die \"Can't open $file\";\n",
        "number": 53
      },
      {
        "highlight": false,
        "code": "\n",
        "number": 54
      },
      {
        "number": 55,
        "code": "# CWE-434: Unrestricted File Upload\n",
        "highlight": false
      }
    ],
    "type": "Taint-Based",
    "line": 53,
    "cwe": "CWE-22",
    "id": "FIND-0019",
    "issue": "Path Traversal via open()",
    "code": "open(my $fh, \"<\", $file) or die \"Can't open $file\";",
    "source": "param",
    "sink": "open",
    "severity": "High",
    "owasp": "A05:2021-Security Misconfiguration",
    "file": "/home/kali/Documents/perl-sast-scanner/perlcode/finaltest/blatant.pl"
  },
  {
    "id": "FIND-0020",
    "code": "open(my $fh, \"<\", $file) or die \"Can't open $file\";",
    "issue": "Direct File Access Based on User Input",
    "context": [
      {
        "code": "\n",
        "highlight": false,
        "number": 51
      },
      {
        "number": 52,
        "highlight": false,
        "code": "# CWE-73 + CWE-22: Direct file access + Path traversal\n"
      },
      {
        "number": 53,
        "highlight": true,
        "code": "open(my $fh, \"<\", $file) or die \"Can't open $file\";\n"
      },
      {
        "number": 54,
        "highlight": false,
        "code": "\n"
      },
      {
        "number": 55,
        "highlight": false,
        "code": "# CWE-434: Unrestricted File Upload\n"
      }
    ],
    "severity": "High",
    "cwe": "CWE-73",
    "file": "/home/kali/Documents/perl-sast-scanner/perlcode/finaltest/blatant.pl",
    "line": 53,
    "owasp": "A05:2021-Security Misconfiguration",
    "type": "Pattern-Based"
  },
  {
    "severity": "Medium",
    "line": 53,
    "cwe": "CWE-73",
    "file": "/home/kali/Documents/perl-sast-scanner/perlcode/finaltest/blatant.pl",
    "type": "Structural",
    "owasp": "A05:2021-Security Misconfiguration",
    "id": "FIND-0021",
    "issue": "Insecure File Open \u00c3\u00a2\u00c2\u0080\u00c2\u0093 Path from Variable",
    "code": "open(my $fh, \"<\", $file) or die \"Can't open $file\";",
    "context": [
      {
        "number": 51,
        "code": "\n",
        "highlight": false
      },
      {
        "number": 52,
        "highlight": false,
        "code": "# CWE-73 + CWE-22: Direct file access + Path traversal\n"
      },
      {
        "number": 53,
        "highlight": true,
        "code": "open(my $fh, \"<\", $file) or die \"Can't open $file\";\n"
      },
      {
        "code": "\n",
        "highlight": false,
        "number": 54
      },
      {
        "number": 55,
        "highlight": false,
        "code": "# CWE-434: Unrestricted File Upload\n"
      }
    ]
  },
  {
    "id": "FIND-0022",
    "code": "my $upload = $q->upload('file');          # No checks on upload",
    "issue": "Unrestricted File Upload",
    "context": [
      {
        "highlight": false,
        "code": "\n",
        "number": 54
      },
      {
        "code": "# CWE-434: Unrestricted File Upload\n",
        "highlight": false,
        "number": 55
      },
      {
        "code": "my $upload = $q->upload('file');          # No checks on upload\n",
        "highlight": true,
        "number": 56
      },
      {
        "highlight": false,
        "code": "\n",
        "number": 57
      },
      {
        "number": 58,
        "code": "# CWE-94 + CWE-95: Eval from input\n",
        "highlight": false
      }
    ],
    "severity": "High",
    "line": 56,
    "cwe": "CWE-434",
    "file": "/home/kali/Documents/perl-sast-scanner/perlcode/finaltest/blatant.pl",
    "owasp": "A08:2021-Software and Data Integrity Failures",
    "type": "Pattern-Based"
  },
  {
    "id": "FIND-0023",
    "code": "eval($input);",
    "issue": "Code Injection via eval",
    "severity": "High",
    "sink": "eval",
    "source": "param",
    "file": "/home/kali/Documents/perl-sast-scanner/perlcode/finaltest/blatant.pl",
    "owasp": "A03:2021-Injection",
    "variable": "$input",
    "context": [
      {
        "code": "\n",
        "highlight": false,
        "number": 57
      },
      {
        "code": "# CWE-94 + CWE-95: Eval from input\n",
        "highlight": false,
        "number": 58
      },
      {
        "code": "eval($input);\n",
        "highlight": true,
        "number": 59
      },
      {
        "number": 60,
        "code": "\n",
        "highlight": false
      },
      {
        "code": "# CWE-502: Deserialization of untrusted data\n",
        "highlight": false,
        "number": 61
      }
    ],
    "line": 59,
    "cwe": "CWE-94",
    "type": "Taint-Based"
  },
  {
    "id": "FIND-0024",
    "context": [
      {
        "number": 57,
        "code": "\n",
        "highlight": false
      },
      {
        "code": "# CWE-94 + CWE-95: Eval from input\n",
        "highlight": false,
        "number": 58
      },
      {
        "number": 59,
        "code": "eval($input);\n",
        "highlight": true
      },
      {
        "code": "\n",
        "highlight": false,
        "number": 60
      },
      {
        "number": 61,
        "code": "# CWE-502: Deserialization of untrusted data\n",
        "highlight": false
      }
    ],
    "code": "eval($input);",
    "issue": "Deserialization of Untrusted Data",
    "severity": "High",
    "owasp": "A08:2021-Software and Data Integrity Failures",
    "type": "Pattern-Based",
    "cwe": "CWE-502",
    "line": 59,
    "file": "/home/kali/Documents/perl-sast-scanner/perlcode/finaltest/blatant.pl"
  },
  {
    "id": "FIND-0025",
    "context": [
      {
        "number": 57,
        "highlight": false,
        "code": "\n"
      },
      {
        "highlight": false,
        "code": "# CWE-94 + CWE-95: Eval from input\n",
        "number": 58
      },
      {
        "number": 59,
        "code": "eval($input);\n",
        "highlight": true
      },
      {
        "highlight": false,
        "code": "\n",
        "number": 60
      },
      {
        "highlight": false,
        "code": "# CWE-502: Deserialization of untrusted data\n",
        "number": 61
      }
    ],
    "issue": "Unrestricted Use of eval()",
    "code": "eval($input);",
    "severity": "High",
    "type": "Pattern-Based",
    "owasp": "A08:2021-Software and Data Integrity Failures",
    "file": "/home/kali/Documents/perl-sast-scanner/perlcode/finaltest/blatant.pl",
    "cwe": "CWE-95",
    "line": 59
  },
  {
    "file": "/home/kali/Documents/perl-sast-scanner/perlcode/finaltest/blatant.pl",
    "owasp": "A03:2021-Injection",
    "severity": "High",
    "sink": "eval",
    "source": "param",
    "code": "my $decoded = eval { decode_json($json) };  # No validation",
    "issue": "Code Injection via eval",
    "id": "FIND-0026",
    "cwe": "CWE-94",
    "line": 63,
    "type": "Taint-Based",
    "context": [
      {
        "number": 61,
        "code": "# CWE-502: Deserialization of untrusted data\n",
        "highlight": false
      },
      {
        "highlight": false,
        "code": "my $json = $q->param('json');\n",
        "number": 62
      },
      {
        "highlight": true,
        "code": "my $decoded = eval { decode_json($json) };  # No validation\n",
        "number": 63
      },
      {
        "number": 64,
        "code": "\n",
        "highlight": false
      },
      {
        "number": 65,
        "code": "# CWE-601: Unvalidated Redirect\n",
        "highlight": false
      }
    ],
    "variable": "$decoded"
  },
  {
    "code": "my $decoded = eval { decode_json($json) };  # No validation",
    "issue": "Improper Exception Handling",
    "context": [
      {
        "number": 61,
        "highlight": false,
        "code": "# CWE-502: Deserialization of untrusted data\n"
      },
      {
        "highlight": false,
        "code": "my $json = $q->param('json');\n",
        "number": 62
      },
      {
        "code": "my $decoded = eval { decode_json($json) };  # No validation\n",
        "highlight": true,
        "number": 63
      },
      {
        "number": 64,
        "highlight": false,
        "code": "\n"
      },
      {
        "highlight": false,
        "code": "# CWE-601: Unvalidated Redirect\n",
        "number": 65
      }
    ],
    "id": "FIND-0027",
    "file": "/home/kali/Documents/perl-sast-scanner/perlcode/finaltest/blatant.pl",
    "cwe": "CWE-703",
    "line": 63,
    "owasp": "A09:2021-Logging and Monitoring Failures",
    "type": "Pattern-Based",
    "severity": "Medium"
  },
  {
    "line": 63,
    "cwe": "CWE-703",
    "file": "/home/kali/Documents/perl-sast-scanner/perlcode/finaltest/blatant.pl",
    "type": "Pattern-Based",
    "owasp": "A09:2021-Logging and Monitoring Failures",
    "severity": "Medium",
    "issue": "Potentially Silent Exception Block",
    "code": "my $decoded = eval { decode_json($json) };  # No validation",
    "context": [
      {
        "number": 61,
        "highlight": false,
        "code": "# CWE-502: Deserialization of untrusted data\n"
      },
      {
        "number": 62,
        "code": "my $json = $q->param('json');\n",
        "highlight": false
      },
      {
        "highlight": true,
        "code": "my $decoded = eval { decode_json($json) };  # No validation\n",
        "number": 63
      },
      {
        "highlight": false,
        "code": "\n",
        "number": 64
      },
      {
        "number": 65,
        "highlight": false,
        "code": "# CWE-601: Unvalidated Redirect\n"
      }
    ],
    "id": "FIND-0028"
  },
  {
    "context": [
      {
        "number": 65,
        "code": "# CWE-601: Unvalidated Redirect\n",
        "highlight": false
      },
      {
        "code": "my $redir = $q->param('redir');\n",
        "highlight": false,
        "number": 66
      },
      {
        "number": 67,
        "code": "print $q->redirect($redir);               # No domain whitelist\n",
        "highlight": true
      },
      {
        "code": "\n",
        "highlight": false,
        "number": 68
      },
      {
        "number": 69,
        "code": "# CWE-287: Broken Authentication\n",
        "highlight": false
      }
    ],
    "issue": "Unvalidated Redirect",
    "code": "print $q->redirect($redir);               # No domain whitelist",
    "id": "FIND-0029",
    "type": "Pattern-Based",
    "owasp": "A01:2021-Broken Access Control",
    "cwe": "CWE-601",
    "file": "/home/kali/Documents/perl-sast-scanner/perlcode/finaltest/blatant.pl",
    "line": 67,
    "severity": "Medium"
  },
  {
    "id": "FIND-0030",
    "issue": "Improper Logging of User Input",
    "code": "print $q->redirect($redir);               # No domain whitelist",
    "context": [
      {
        "number": 65,
        "highlight": false,
        "code": "# CWE-601: Unvalidated Redirect\n"
      },
      {
        "number": 66,
        "code": "my $redir = $q->param('redir');\n",
        "highlight": false
      },
      {
        "number": 67,
        "highlight": true,
        "code": "print $q->redirect($redir);               # No domain whitelist\n"
      },
      {
        "code": "\n",
        "highlight": false,
        "number": 68
      },
      {
        "number": 69,
        "code": "# CWE-287: Broken Authentication\n",
        "highlight": false
      }
    ],
    "severity": "Medium",
    "file": "/home/kali/Documents/perl-sast-scanner/perlcode/finaltest/blatant.pl",
    "cwe": "CWE-117",
    "line": 67,
    "type": "Pattern-Based",
    "owasp": "A09:2021-Logging and Monitoring Failures"
  },
  {
    "id": "FIND-0031",
    "context": [
      {
        "highlight": false,
        "code": "\n",
        "number": 68
      },
      {
        "number": 69,
        "highlight": false,
        "code": "# CWE-287: Broken Authentication\n"
      },
      {
        "number": 70,
        "code": "if ($user eq 'admin') {                   # No password check\n",
        "highlight": true
      },
      {
        "number": 71,
        "highlight": false,
        "code": "    print \"Logged in as admin\\n\";\n"
      },
      {
        "number": 72,
        "code": "}\n",
        "highlight": false
      }
    ],
    "code": "if ($user eq 'admin') {                   # No password check",
    "issue": "Broken Authentication (no validation)",
    "severity": "High",
    "owasp": "A07:2021-Identification and Authentication Failures",
    "type": "Pattern-Based",
    "cwe": "CWE-287",
    "line": 70,
    "file": "/home/kali/Documents/perl-sast-scanner/perlcode/finaltest/blatant.pl"
  },
  {
    "severity": "High",
    "type": "Pattern-Based",
    "owasp": "A07:2021-Identification and Authentication Failures",
    "file": "/home/kali/Documents/perl-sast-scanner/perlcode/finaltest/blatant.pl",
    "cwe": "CWE-1390",
    "line": 75,
    "id": "FIND-0032",
    "context": [
      {
        "code": "\n",
        "highlight": false,
        "number": 73
      },
      {
        "number": 74,
        "highlight": false,
        "code": "# CWE-1390: Auth bypass with blank input\n"
      },
      {
        "number": 75,
        "code": "if ($user eq '') {\n",
        "highlight": true
      },
      {
        "code": "    print \"Access granted\\n\";\n",
        "highlight": false,
        "number": 76
      },
      {
        "number": 77,
        "highlight": false,
        "code": "}\n"
      }
    ],
    "issue": "Authentication Bypass using Null or Blank (Expanded)",
    "code": "if ($user eq '') {"
  },
  {
    "severity": "High",
    "line": 85,
    "cwe": "CWE-276",
    "file": "/home/kali/Documents/perl-sast-scanner/perlcode/finaltest/blatant.pl",
    "type": "Pattern-Based",
    "owasp": "A05:2021-Security Misconfiguration",
    "id": "FIND-0033",
    "issue": "Incorrect Default Permissions",
    "code": "chmod(0777, \"./sensitive.txt\");",
    "context": [
      {
        "number": 83,
        "highlight": false,
        "code": "\n"
      },
      {
        "highlight": false,
        "code": "# CWE-276: Incorrect permissions\n",
        "number": 84
      },
      {
        "highlight": true,
        "code": "chmod(0777, \"./sensitive.txt\");\n",
        "number": 85
      },
      {
        "highlight": false,
        "code": "\n",
        "number": 86
      },
      {
        "highlight": false,
        "code": "# CWE-276: Permissive umask\n",
        "number": 87
      }
    ]
  },
  {
    "id": "FIND-0034",
    "context": [
      {
        "code": "\n",
        "highlight": false,
        "number": 86
      },
      {
        "highlight": false,
        "code": "# CWE-276: Permissive umask\n",
        "number": 87
      },
      {
        "number": 88,
        "code": "umask(0000);\n",
        "highlight": true
      },
      {
        "number": 89,
        "code": "\n",
        "highlight": false
      },
      {
        "number": 90,
        "code": "# CWE-256: Plaintext credential storage\n",
        "highlight": false
      }
    ],
    "code": "umask(0000);",
    "issue": "Improper Control of Access Permissions",
    "severity": "High",
    "owasp": "A01:2021-Broken Access Control",
    "type": "Pattern-Based",
    "line": 88,
    "cwe": "CWE-276",
    "file": "/home/kali/Documents/perl-sast-scanner/perlcode/finaltest/blatant.pl"
  },
  {
    "type": "Pattern-Based",
    "owasp": "A02:2021-Cryptographic Failures",
    "line": 91,
    "cwe": "CWE-256",
    "file": "/home/kali/Documents/perl-sast-scanner/perlcode/finaltest/blatant.pl",
    "severity": "High",
    "context": [
      {
        "code": "\n",
        "highlight": false,
        "number": 89
      },
      {
        "highlight": false,
        "code": "# CWE-256: Plaintext credential storage\n",
        "number": 90
      },
      {
        "highlight": true,
        "code": "store($user, $pass);\n",
        "number": 91
      },
      {
        "number": 92,
        "code": "\n",
        "highlight": false
      },
      {
        "code": "# CWE-778: Missing auth logs\n",
        "highlight": false,
        "number": 93
      }
    ],
    "issue": "Plaintext Credential Storage",
    "code": "store($user, $pass);",
    "id": "FIND-0035"
  },
  {
    "cwe": "CWE-778",
    "line": 94,
    "file": "/home/kali/Documents/perl-sast-scanner/perlcode/finaltest/blatant.pl",
    "owasp": "A07:2021-Identification and Authentication Failures",
    "type": "Pattern-Based",
    "severity": "Low",
    "code": "sub login {",
    "issue": "Suspicious Auth Function Name",
    "context": [
      {
        "number": 92,
        "code": "\n",
        "highlight": false
      },
      {
        "code": "# CWE-778: Missing auth logs\n",
        "highlight": false,
        "number": 93
      },
      {
        "number": 94,
        "highlight": true,
        "code": "sub login {\n"
      },
      {
        "highlight": false,
        "code": "    print \"Login logic here\\n\";           # No logging\n",
        "number": 95
      },
      {
        "number": 96,
        "code": "}\n",
        "highlight": false
      }
    ],
    "id": "FIND-0036"
  },
  {
    "id": "FIND-0037",
    "code": "die(\"Failed to process user: $user\");     # Leaks input",
    "issue": "Improper Error Message Disclosure",
    "context": [
      {
        "number": 97,
        "highlight": false,
        "code": "\n"
      },
      {
        "highlight": false,
        "code": "# CWE-209: Error message leakage\n",
        "number": 98
      },
      {
        "number": 99,
        "highlight": true,
        "code": "die(\"Failed to process user: $user\");     # Leaks input\n"
      },
      {
        "highlight": false,
        "code": "\n",
        "number": 100
      },
      {
        "number": 101,
        "highlight": false,
        "code": "# CWE-116: XSS from output\n"
      }
    ],
    "severity": "Low",
    "cwe": "CWE-209",
    "line": 99,
    "file": "/home/kali/Documents/perl-sast-scanner/perlcode/finaltest/blatant.pl",
    "owasp": "A09:2021-Logging and Monitoring Failures",
    "type": "Pattern-Based"
  },
  {
    "severity": "High",
    "cwe": "CWE-79",
    "line": 102,
    "file": "/home/kali/Documents/perl-sast-scanner/perlcode/finaltest/blatant.pl",
    "owasp": "A03:2021-Injection",
    "type": "Pattern-Based",
    "id": "FIND-0038",
    "code": "print $q->param(\"name\");                  # No HTML escaping",
    "issue": "XSS via direct print of param",
    "context": [
      {
        "number": 100,
        "code": "\n",
        "highlight": false
      },
      {
        "code": "# CWE-116: XSS from output\n",
        "highlight": false,
        "number": 101
      },
      {
        "number": 102,
        "code": "print $q->param(\"name\");                  # No HTML escaping\n",
        "highlight": true
      },
      {
        "number": 103,
        "code": "\n",
        "highlight": false
      },
      {
        "code": "# CWE-117: Improper neutralization in logs\n",
        "highlight": false,
        "number": 104
      }
    ]
  },
  {
    "id": "FIND-0039",
    "context": [
      {
        "code": "\n",
        "highlight": false,
        "number": 100
      },
      {
        "code": "# CWE-116: XSS from output\n",
        "highlight": false,
        "number": 101
      },
      {
        "code": "print $q->param(\"name\");                  # No HTML escaping\n",
        "highlight": true,
        "number": 102
      },
      {
        "highlight": false,
        "code": "\n",
        "number": 103
      },
      {
        "number": 104,
        "code": "# CWE-117: Improper neutralization in logs\n",
        "highlight": false
      }
    ],
    "issue": "Improper Output Encoding (XSS Risk)",
    "code": "print $q->param(\"name\");                  # No HTML escaping",
    "severity": "High",
    "type": "Pattern-Based",
    "owasp": "A03:2021-Injection",
    "line": 102,
    "cwe": "CWE-116",
    "file": "/home/kali/Documents/perl-sast-scanner/perlcode/finaltest/blatant.pl"
  },
  {
    "owasp": "A09:2021-Logging and Monitoring Failures",
    "type": "Pattern-Based",
    "file": "/home/kali/Documents/perl-sast-scanner/perlcode/finaltest/blatant.pl",
    "cwe": "CWE-117",
    "line": 102,
    "severity": "Medium",
    "context": [
      {
        "highlight": false,
        "code": "\n",
        "number": 100
      },
      {
        "code": "# CWE-116: XSS from output\n",
        "highlight": false,
        "number": 101
      },
      {
        "highlight": true,
        "code": "print $q->param(\"name\");                  # No HTML escaping\n",
        "number": 102
      },
      {
        "number": 103,
        "code": "\n",
        "highlight": false
      },
      {
        "highlight": false,
        "code": "# CWE-117: Improper neutralization in logs\n",
        "number": 104
      }
    ],
    "code": "print $q->param(\"name\");                  # No HTML escaping",
    "issue": "Improper Logging of User Input",
    "id": "FIND-0040"
  },
  {
    "severity": "Medium",
    "owasp": "A09:2021-Logging and Monitoring Failures",
    "type": "Pattern-Based",
    "line": 105,
    "cwe": "CWE-117",
    "file": "/home/kali/Documents/perl-sast-scanner/perlcode/finaltest/blatant.pl",
    "id": "FIND-0041",
    "context": [
      {
        "highlight": false,
        "code": "\n",
        "number": 103
      },
      {
        "number": 104,
        "highlight": false,
        "code": "# CWE-117: Improper neutralization in logs\n"
      },
      {
        "number": 105,
        "code": "my $log = \"User login: $user\\n\";\n",
        "highlight": true
      },
      {
        "number": 106,
        "highlight": false,
        "code": "print LOG $log;\n"
      },
      {
        "code": "\n",
        "highlight": false,
        "number": 107
      }
    ],
    "code": "my $log = \"User login: $user\\n\";",
    "issue": "Improper Logging of User Input"
  },
  {
    "context": [
      {
        "number": 104,
        "code": "# CWE-117: Improper neutralization in logs\n",
        "highlight": false
      },
      {
        "highlight": false,
        "code": "my $log = \"User login: $user\\n\";\n",
        "number": 105
      },
      {
        "code": "print LOG $log;\n",
        "highlight": true,
        "number": 106
      },
      {
        "number": 107,
        "highlight": false,
        "code": "\n"
      },
      {
        "code": "# CWE-377: Insecure temporary file creation\n",
        "highlight": false,
        "number": 108
      }
    ],
    "issue": "Improper Logging of User Input",
    "code": "print LOG $log;",
    "id": "FIND-0042",
    "type": "Pattern-Based",
    "owasp": "A09:2021-Logging and Monitoring Failures",
    "cwe": "CWE-117",
    "line": 106,
    "file": "/home/kali/Documents/perl-sast-scanner/perlcode/finaltest/blatant.pl",
    "severity": "Medium"
  },
  {
    "type": "Pattern-Based",
    "owasp": "A05:2021-Security Misconfiguration",
    "line": 109,
    "cwe": "CWE-377",
    "file": "/home/kali/Documents/perl-sast-scanner/perlcode/finaltest/blatant.pl",
    "severity": "Medium",
    "context": [
      {
        "code": "\n",
        "highlight": false,
        "number": 107
      },
      {
        "code": "# CWE-377: Insecure temporary file creation\n",
        "highlight": false,
        "number": 108
      },
      {
        "number": 109,
        "highlight": true,
        "code": "my $tmp = tmpnam();\n"
      },
      {
        "highlight": false,
        "code": "open my $tfh, \">\", $tmp;\n",
        "number": 110
      },
      {
        "number": 111,
        "code": "\n",
        "highlight": false
      }
    ],
    "issue": "Insecure Temporary File Creation",
    "code": "my $tmp = tmpnam();",
    "id": "FIND-0043"
  },
  {
    "id": "FIND-0044",
    "code": "open my $tfh, \">\", $tmp;",
    "issue": "Path Traversal via open()",
    "sink": "open",
    "severity": "High",
    "source": "param",
    "file": "/home/kali/Documents/perl-sast-scanner/perlcode/finaltest/blatant.pl",
    "owasp": "A05:2021-Security Misconfiguration",
    "variable": "$tfh",
    "context": [
      {
        "number": 108,
        "code": "# CWE-377: Insecure temporary file creation\n",
        "highlight": false
      },
      {
        "number": 109,
        "code": "my $tmp = tmpnam();\n",
        "highlight": false
      },
      {
        "code": "open my $tfh, \">\", $tmp;\n",
        "highlight": true,
        "number": 110
      },
      {
        "highlight": false,
        "code": "\n",
        "number": 111
      },
      {
        "number": 112,
        "highlight": false,
        "code": "# CWE-362: Race condition\n"
      }
    ],
    "line": 110,
    "cwe": "CWE-22",
    "type": "Taint-Based"
  },
  {
    "context": [
      {
        "number": 111,
        "code": "\n",
        "highlight": false
      },
      {
        "number": 112,
        "highlight": false,
        "code": "# CWE-362: Race condition\n"
      },
      {
        "code": "if (fork() == 0) {\n",
        "highlight": true,
        "number": 113
      },
      {
        "number": 114,
        "code": "    print \"Child process doing stuff\\n\";\n",
        "highlight": false
      },
      {
        "number": 115,
        "code": "    exit;\n",
        "highlight": false
      }
    ],
    "code": "if (fork() == 0) {",
    "issue": "Use of fork() (Race Condition Risk)",
    "id": "FIND-0045",
    "owasp": "A05:2021-Security Misconfiguration",
    "type": "Pattern-Based",
    "line": 113,
    "cwe": "CWE-362",
    "file": "/home/kali/Documents/perl-sast-scanner/perlcode/finaltest/blatant.pl",
    "severity": "Medium"
  },
  {
    "id": "FIND-0046",
    "code": "my $digest = md5_hex($pass);",
    "issue": "Use of MD5",
    "context": [
      {
        "number": 117,
        "code": "\n",
        "highlight": false
      },
      {
        "highlight": false,
        "code": "# CWE-327: Use of MD5\n",
        "number": 118
      },
      {
        "code": "my $digest = md5_hex($pass);\n",
        "highlight": true,
        "number": 119
      },
      {
        "highlight": false,
        "code": "\n",
        "number": 120
      },
      {
        "code": "# CWE-338: Weak random number\n",
        "highlight": false,
        "number": 121
      }
    ],
    "severity": "Medium",
    "file": "/home/kali/Documents/perl-sast-scanner/perlcode/finaltest/blatant.pl",
    "cwe": "CWE-327",
    "line": 119,
    "owasp": "A02:2021-Cryptographic Failures",
    "type": "Pattern-Based"
  },
  {
    "line": 122,
    "cwe": "CWE-338",
    "file": "/home/kali/Documents/perl-sast-scanner/perlcode/finaltest/blatant.pl",
    "type": "Pattern-Based",
    "owasp": "A02:2021-Cryptographic Failures",
    "severity": "Medium",
    "issue": "Improper Use of Random Number Generator",
    "code": "my $token = int(rand(1000000));",
    "context": [
      {
        "number": 120,
        "code": "\n",
        "highlight": false
      },
      {
        "highlight": false,
        "code": "# CWE-338: Weak random number\n",
        "number": 121
      },
      {
        "number": 122,
        "code": "my $token = int(rand(1000000));\n",
        "highlight": true
      },
      {
        "highlight": false,
        "code": "\n",
        "number": 123
      },
      {
        "highlight": false,
        "code": "# CWE-1333: Weak input regex\n",
        "number": 124
      }
    ],
    "id": "FIND-0047"
  },
  {
    "id": "FIND-0048",
    "code": "if ($input =~ /.*password.*/) {",
    "issue": "Weak Input Regex Validation",
    "context": [
      {
        "number": 123,
        "code": "\n",
        "highlight": false
      },
      {
        "highlight": false,
        "code": "# CWE-1333: Weak input regex\n",
        "number": 124
      },
      {
        "code": "if ($input =~ /.*password.*/) {\n",
        "highlight": true,
        "number": 125
      },
      {
        "number": 126,
        "highlight": false,
        "code": "    print \"Found password\\n\";\n"
      },
      {
        "code": "}\n",
        "highlight": false,
        "number": 127
      }
    ],
    "severity": "Medium",
    "file": "/home/kali/Documents/perl-sast-scanner/perlcode/finaltest/blatant.pl",
    "cwe": "CWE-1333",
    "line": 125,
    "owasp": "A04:2021-Insecure Design",
    "type": "Pattern-Based"
  },
  {
    "file": "/home/kali/Documents/perl-sast-scanner/perlcode/finaltest/blatant.pl",
    "cwe": "CWE-352",
    "line": 130,
    "type": "Pattern-Based",
    "owasp": "A01:2021-Broken Access Control",
    "severity": "High",
    "issue": "Missing CSRF Token in Form",
    "code": "print \"<form action='/submit' method='POST'>\";  # No CSRF token",
    "context": [
      {
        "number": 128,
        "highlight": false,
        "code": "\n"
      },
      {
        "number": 129,
        "highlight": false,
        "code": "# CWE-352: Missing CSRF token\n"
      },
      {
        "number": 130,
        "code": "print \"<form action='/submit' method='POST'>\";  # No CSRF token\n",
        "highlight": true
      },
      {
        "number": 131,
        "code": "print \"<input name='data'>\";\n",
        "highlight": false
      },
      {
        "highlight": false,
        "code": "print \"</form>\";\n",
        "number": 132
      }
    ],
    "id": "FIND-0049"
  },
  {
    "code": "print \"<form action='/submit' method='POST'>\";  # No CSRF token",
    "issue": "CSRF Token Missing in HTML Form",
    "context": [
      {
        "number": 128,
        "highlight": false,
        "code": "\n"
      },
      {
        "number": 129,
        "code": "# CWE-352: Missing CSRF token\n",
        "highlight": false
      },
      {
        "highlight": true,
        "code": "print \"<form action='/submit' method='POST'>\";  # No CSRF token\n",
        "number": 130
      },
      {
        "highlight": false,
        "code": "print \"<input name='data'>\";\n",
        "number": 131
      },
      {
        "number": 132,
        "code": "print \"</form>\";\n",
        "highlight": false
      }
    ],
    "id": "FIND-0050",
    "line": 130,
    "cwe": "CWE-352",
    "file": "/home/kali/Documents/perl-sast-scanner/perlcode/finaltest/blatant.pl",
    "owasp": "A01:2021-Broken Access Control",
    "type": "Pattern-Based",
    "severity": "High"
  },
  {
    "cwe": "CWE-22",
    "line": 142,
    "type": "Taint-Based",
    "variable": "$log",
    "context": [
      {
        "code": "sub log_action {\n",
        "highlight": false,
        "number": 140
      },
      {
        "number": 141,
        "highlight": false,
        "code": "    my $msg = shift;\n"
      },
      {
        "number": 142,
        "code": "    open my $log, '>>', 'logfile.log';\n",
        "highlight": true
      },
      {
        "number": 143,
        "code": "    print $log \"LOG: $msg\\n\";             # CWE-117\n",
        "highlight": false
      },
      {
        "highlight": false,
        "code": "    close $log;\n",
        "number": 144
      }
    ],
    "sink": "open",
    "severity": "High",
    "source": "param",
    "file": "/home/kali/Documents/perl-sast-scanner/perlcode/finaltest/blatant.pl",
    "owasp": "A05:2021-Security Misconfiguration",
    "id": "FIND-0051",
    "code": "    open my $log, '>>', 'logfile.log';",
    "issue": "Path Traversal via open()"
  },
  {
    "severity": "Medium",
    "type": "Pattern-Based",
    "owasp": "A09:2021-Logging and Monitoring Failures",
    "file": "/home/kali/Documents/perl-sast-scanner/perlcode/finaltest/blatant.pl",
    "cwe": "CWE-117",
    "line": 143,
    "id": "FIND-0052",
    "context": [
      {
        "number": 141,
        "code": "    my $msg = shift;\n",
        "highlight": false
      },
      {
        "number": 142,
        "highlight": false,
        "code": "    open my $log, '>>', 'logfile.log';\n"
      },
      {
        "highlight": true,
        "code": "    print $log \"LOG: $msg\\n\";             # CWE-117\n",
        "number": 143
      },
      {
        "code": "    close $log;\n",
        "highlight": false,
        "number": 144
      },
      {
        "number": 145,
        "highlight": false,
        "code": "}\n"
      }
    ],
    "issue": "Improper Logging of User Input",
    "code": "    print $log \"LOG: $msg\\n\";             # CWE-117"
  },
  {
    "severity": "Medium",
    "cwe": "CWE-119",
    "file": "/home/kali/Documents/perl-sast-scanner/perlcode/finaltest/blatant.pl",
    "line": 149,
    "owasp": "A05:2021-Security Misconfiguration",
    "type": "Pattern-Based",
    "id": "FIND-0053",
    "code": "my $substr = substr($str, -5, 2);         # Negative index access",
    "issue": "Improper Restriction of Operations in Buffer",
    "context": [
      {
        "code": "# CWE-119: Buffer operation risk\n",
        "highlight": false,
        "number": 147
      },
      {
        "number": 148,
        "code": "my $str = \"abc\";\n",
        "highlight": false
      },
      {
        "number": 149,
        "highlight": true,
        "code": "my $substr = substr($str, -5, 2);         # Negative index access\n"
      },
      {
        "number": 150,
        "code": "\n",
        "highlight": false
      },
      {
        "number": 151,
        "highlight": false,
        "code": "# CWE-306: Missing auth on critical route\n"
      }
    ]
  },
  {
    "context": [
      {
        "code": "}\n",
        "highlight": false,
        "number": 154
      },
      {
        "highlight": false,
        "code": "\n",
        "number": 155
      },
      {
        "number": 156,
        "highlight": true,
        "code": "sub risky_function {\n"
      },
      {
        "number": 157,
        "code": "    return $_[0] * 2;\n",
        "highlight": false
      },
      {
        "number": 158,
        "code": "}\n",
        "highlight": false
      }
    ],
    "code": "sub risky_function {",
    "issue": "Suspicious Subroutine \u00c3\u00a2\u00c2\u0080\u00c2\u0093 No Auth/Validation",
    "id": "FIND-0054",
    "owasp": "A07:2021-Identification and Authentication Failures",
    "type": "Structural",
    "file": "/home/kali/Documents/perl-sast-scanner/perlcode/finaltest/blatant.pl",
    "cwe": "CWE-778",
    "line": 156,
    "severity": "Low"
  },
  {
    "issue": "Suspicious Subroutine \u00c3\u00a2\u00c2\u0080\u00c2\u0093 No Auth/Validation",
    "code": "sub store {",
    "context": [
      {
        "number": 158,
        "highlight": false,
        "code": "}\n"
      },
      {
        "number": 159,
        "code": "\n",
        "highlight": false
      },
      {
        "highlight": true,
        "code": "sub store {\n",
        "number": 160
      },
      {
        "number": 161,
        "code": "    my ($u, $p) = @_;\n",
        "highlight": false
      },
      {
        "number": 162,
        "highlight": false,
        "code": "    open my $db, \">>\", \"users.txt\";\n"
      }
    ],
    "id": "FIND-0055",
    "cwe": "CWE-778",
    "line": 160,
    "file": "/home/kali/Documents/perl-sast-scanner/perlcode/finaltest/blatant.pl",
    "type": "Structural",
    "owasp": "A07:2021-Identification and Authentication Failures",
    "severity": "Low"
  },
  {
    "id": "FIND-0056",
    "code": "    open my $db, \">>\", \"users.txt\";",
    "issue": "Path Traversal via open()",
    "sink": "open",
    "severity": "High",
    "source": "param",
    "file": "/home/kali/Documents/perl-sast-scanner/perlcode/finaltest/blatant.pl",
    "owasp": "A05:2021-Security Misconfiguration",
    "variable": "$db",
    "context": [
      {
        "highlight": false,
        "code": "sub store {\n",
        "number": 160
      },
      {
        "number": 161,
        "highlight": false,
        "code": "    my ($u, $p) = @_;\n"
      },
      {
        "code": "    open my $db, \">>\", \"users.txt\";\n",
        "highlight": true,
        "number": 162
      },
      {
        "number": 163,
        "highlight": false,
        "code": "    print $db \"$u:$p\\n\";                  # Plaintext credential storage\n"
      },
      {
        "number": 164,
        "highlight": false,
        "code": "    close $db;\n"
      }
    ],
    "cwe": "CWE-22",
    "line": 162,
    "type": "Taint-Based"
  },
  {
    "severity": "Medium",
    "line": 163,
    "cwe": "CWE-117",
    "file": "/home/kali/Documents/perl-sast-scanner/perlcode/finaltest/blatant.pl",
    "type": "Pattern-Based",
    "owasp": "A09:2021-Logging and Monitoring Failures",
    "id": "FIND-0057",
    "issue": "Improper Logging of User Input",
    "code": "    print $db \"$u:$p\\n\";                  # Plaintext credential storage",
    "context": [
      {
        "code": "    my ($u, $p) = @_;\n",
        "highlight": false,
        "number": 161
      },
      {
        "number": 162,
        "code": "    open my $db, \">>\", \"users.txt\";\n",
        "highlight": false
      },
      {
        "number": 163,
        "code": "    print $db \"$u:$p\\n\";                  # Plaintext credential storage\n",
        "highlight": true
      },
      {
        "number": 164,
        "code": "    close $db;\n",
        "highlight": false
      },
      {
        "code": "}\n",
        "highlight": false,
        "number": 165
      }
    ]
  }
]