[
  {
    "type": "Pattern-Based",
    "line": 5,
    "owasp": "A02:2021-Cryptographic Failures",
    "context": [
      {
        "number": 3,
        "code": "use warnings;\n",
        "highlight": false
      },
      {
        "highlight": false,
        "number": 4,
        "code": "use CGI;\n"
      },
      {
        "number": 5,
        "code": "use Digest::MD5 qw(md5_hex);\n",
        "highlight": true
      },
      {
        "highlight": false,
        "number": 6,
        "code": "use LWP::UserAgent;\n"
      },
      {
        "highlight": false,
        "code": "use JSON;\n",
        "number": 7
      }
    ],
    "file": "/home/kali/Documents/perl-sast-scanner/perlcode/finaltest/complex.pl",
    "issue": "Use of MD5",
    "cwe": "CWE-327",
    "code": "use Digest::MD5 qw(md5_hex);",
    "severity": "Medium",
    "id": "FIND-0001"
  },
  {
    "id": "FIND-0002",
    "severity": "Medium",
    "code": "use Digest::MD5 qw(md5_hex);",
    "issue": "Use of Vulnerable Perl Module",
    "cwe": "CWE-1104",
    "file": "/home/kali/Documents/perl-sast-scanner/perlcode/finaltest/complex.pl",
    "context": [
      {
        "number": 3,
        "code": "use warnings;\n",
        "highlight": false
      },
      {
        "number": 4,
        "code": "use CGI;\n",
        "highlight": false
      },
      {
        "number": 5,
        "code": "use Digest::MD5 qw(md5_hex);\n",
        "highlight": true
      },
      {
        "number": 6,
        "code": "use LWP::UserAgent;\n",
        "highlight": false
      },
      {
        "highlight": false,
        "number": 7,
        "code": "use JSON;\n"
      }
    ],
    "type": "Pattern-Based",
    "owasp": "A06:2021-Vulnerable and Outdated Components",
    "line": 5
  },
  {
    "line": 6,
    "type": "Pattern-Based",
    "owasp": "A10:2021-SSRF",
    "context": [
      {
        "highlight": false,
        "code": "use CGI;\n",
        "number": 4
      },
      {
        "highlight": false,
        "code": "use Digest::MD5 qw(md5_hex);\n",
        "number": 5
      },
      {
        "number": 6,
        "code": "use LWP::UserAgent;\n",
        "highlight": true
      },
      {
        "highlight": false,
        "code": "use JSON;\n",
        "number": 7
      },
      {
        "code": "use File::Temp qw/tmpnam/;\n",
        "number": 8,
        "highlight": false
      }
    ],
    "file": "/home/kali/Documents/perl-sast-scanner/perlcode/finaltest/complex.pl",
    "cwe": "CWE-918",
    "issue": "Server Side Request Forgery (SSRF)",
    "code": "use LWP::UserAgent;",
    "severity": "Medium",
    "id": "FIND-0003"
  },
  {
    "owasp": "A07:2021-Identification and Authentication Failures",
    "type": "Pattern-Based",
    "line": 18,
    "context": [
      {
        "highlight": false,
        "code": "\n",
        "number": 16
      },
      {
        "highlight": false,
        "code": "# \u00f0\u009f\u0094\u0090 Broken Authentication (no password check)\n",
        "number": 17
      },
      {
        "number": 18,
        "code": "if ($user eq 'admin') {\n",
        "highlight": true
      },
      {
        "highlight": false,
        "number": 19,
        "code": "    print \"Welcome, admin\\n\";\n"
      },
      {
        "number": 20,
        "code": "}\n",
        "highlight": false
      }
    ],
    "file": "/home/kali/Documents/perl-sast-scanner/perlcode/finaltest/complex.pl",
    "issue": "Broken Authentication (no validation)",
    "cwe": "CWE-287",
    "code": "if ($user eq 'admin') {",
    "id": "FIND-0004",
    "severity": "High"
  },
  {
    "cwe": "CWE-22",
    "code": "open my $db, '>>', \"users.txt\";",
    "source": "param",
    "type": "Taint-Based",
    "issue": "Path Traversal via open()",
    "id": "FIND-0005",
    "severity": "High",
    "variable": "$db",
    "line": 26,
    "owasp": "A05:2021-Security Misconfiguration",
    "context": [
      {
        "highlight": false,
        "code": "\n",
        "number": 24
      },
      {
        "number": 25,
        "code": "# \u00f0\u009f\u0092\u00be Plaintext password storage\n",
        "highlight": false
      },
      {
        "number": 26,
        "code": "open my $db, '>>', \"users.txt\";\n",
        "highlight": true
      },
      {
        "number": 27,
        "code": "print $db \"$user:$pass\\n\"; # CWE-256\n",
        "highlight": false
      },
      {
        "highlight": false,
        "number": 28,
        "code": "close $db;\n"
      }
    ],
    "sink": "open",
    "file": "/home/kali/Documents/perl-sast-scanner/perlcode/finaltest/complex.pl"
  },
  {
    "file": "/home/kali/Documents/perl-sast-scanner/perlcode/finaltest/complex.pl",
    "context": [
      {
        "number": 25,
        "code": "# \u00f0\u009f\u0092\u00be Plaintext password storage\n",
        "highlight": false
      },
      {
        "code": "open my $db, '>>', \"users.txt\";\n",
        "number": 26,
        "highlight": false
      },
      {
        "number": 27,
        "code": "print $db \"$user:$pass\\n\"; # CWE-256\n",
        "highlight": true
      },
      {
        "number": 28,
        "code": "close $db;\n",
        "highlight": false
      },
      {
        "highlight": false,
        "code": "\n",
        "number": 29
      }
    ],
    "type": "Pattern-Based",
    "owasp": "A09:2021-Logging and Monitoring Failures",
    "line": 27,
    "id": "FIND-0006",
    "severity": "Medium",
    "code": "print $db \"$user:$pass\\n\"; # CWE-256",
    "cwe": "CWE-117",
    "issue": "Improper Logging of User Input"
  },
  {
    "id": "FIND-0007",
    "severity": "High",
    "code": "my $output = `$cmd`;  # CWE-77",
    "cwe": "CWE-77",
    "issue": "Command Injection via Backticks",
    "file": "/home/kali/Documents/perl-sast-scanner/perlcode/finaltest/complex.pl",
    "context": [
      {
        "highlight": false,
        "number": 29,
        "code": "\n"
      },
      {
        "number": 30,
        "code": "# \u00f0\u009f\u0092\u00a5 Command Injection via backticks\n",
        "highlight": false
      },
      {
        "code": "my $output = `$cmd`;  # CWE-77\n",
        "number": 31,
        "highlight": true
      },
      {
        "highlight": false,
        "number": 32,
        "code": "\n"
      },
      {
        "code": "# \u00f0\u009f\u0092\u00a5 Eval-based deserialization\n",
        "number": 33,
        "highlight": false
      }
    ],
    "line": 31,
    "type": "Pattern-Based",
    "owasp": "A03:2021-Injection"
  },
  {
    "source": "param",
    "cwe": "CWE-78",
    "code": "my $json = '{\"action\":\"run\",\"code\":\"system(\\\"ls\\\")\"}';",
    "type": "Taint-Based",
    "severity": "High",
    "id": "FIND-0008",
    "variable": "$json",
    "issue": "Command Injection",
    "context": [
      {
        "highlight": false,
        "number": 32,
        "code": "\n"
      },
      {
        "code": "# \u00f0\u009f\u0092\u00a5 Eval-based deserialization\n",
        "number": 33,
        "highlight": false
      },
      {
        "highlight": true,
        "number": 34,
        "code": "my $json = '{\"action\":\"run\",\"code\":\"system(\\\"ls\\\")\"}';\n"
      },
      {
        "highlight": false,
        "code": "my $parsed = decode_json($json);\n",
        "number": 35
      },
      {
        "number": 36,
        "code": "my $code = $parsed->{code};\n",
        "highlight": false
      }
    ],
    "sink": "system",
    "file": "/home/kali/Documents/perl-sast-scanner/perlcode/finaltest/complex.pl",
    "owasp": "A03:2021-Injection",
    "line": 34
  },
  {
    "owasp": "A03:2021-Injection",
    "line": 37,
    "file": "/home/kali/Documents/perl-sast-scanner/perlcode/finaltest/complex.pl",
    "sink": "eval",
    "context": [
      {
        "number": 35,
        "code": "my $parsed = decode_json($json);\n",
        "highlight": false
      },
      {
        "number": 36,
        "code": "my $code = $parsed->{code};\n",
        "highlight": false
      },
      {
        "highlight": true,
        "number": 37,
        "code": "eval($code); # CWE-94 / CWE-95\n"
      },
      {
        "highlight": false,
        "code": "\n",
        "number": 38
      },
      {
        "highlight": false,
        "code": "# \u00f0\u009f\u0094\u0081 Race Condition\n",
        "number": 39
      }
    ],
    "issue": "Code Injection via eval",
    "variable": "$code",
    "severity": "High",
    "id": "FIND-0009",
    "type": "Taint-Based",
    "code": "eval($code); # CWE-94 / CWE-95",
    "cwe": "CWE-94",
    "source": "param"
  },
  {
    "context": [
      {
        "highlight": false,
        "number": 35,
        "code": "my $parsed = decode_json($json);\n"
      },
      {
        "number": 36,
        "code": "my $code = $parsed->{code};\n",
        "highlight": false
      },
      {
        "highlight": true,
        "number": 37,
        "code": "eval($code); # CWE-94 / CWE-95\n"
      },
      {
        "number": 38,
        "code": "\n",
        "highlight": false
      },
      {
        "number": 39,
        "code": "# \u00f0\u009f\u0094\u0081 Race Condition\n",
        "highlight": false
      }
    ],
    "file": "/home/kali/Documents/perl-sast-scanner/perlcode/finaltest/complex.pl",
    "line": 37,
    "type": "Pattern-Based",
    "owasp": "A08:2021-Software and Data Integrity Failures",
    "id": "FIND-0010",
    "severity": "High",
    "issue": "Deserialization of Untrusted Data",
    "cwe": "CWE-502",
    "code": "eval($code); # CWE-94 / CWE-95"
  },
  {
    "cwe": "CWE-95",
    "issue": "Unrestricted Use of eval()",
    "code": "eval($code); # CWE-94 / CWE-95",
    "severity": "High",
    "id": "FIND-0011",
    "owasp": "A08:2021-Software and Data Integrity Failures",
    "type": "Pattern-Based",
    "line": 37,
    "context": [
      {
        "number": 35,
        "code": "my $parsed = decode_json($json);\n",
        "highlight": false
      },
      {
        "highlight": false,
        "number": 36,
        "code": "my $code = $parsed->{code};\n"
      },
      {
        "highlight": true,
        "number": 37,
        "code": "eval($code); # CWE-94 / CWE-95\n"
      },
      {
        "highlight": false,
        "code": "\n",
        "number": 38
      },
      {
        "code": "# \u00f0\u009f\u0094\u0081 Race Condition\n",
        "number": 39,
        "highlight": false
      }
    ],
    "file": "/home/kali/Documents/perl-sast-scanner/perlcode/finaltest/complex.pl"
  },
  {
    "file": "/home/kali/Documents/perl-sast-scanner/perlcode/finaltest/complex.pl",
    "context": [
      {
        "highlight": false,
        "number": 38,
        "code": "\n"
      },
      {
        "code": "# \u00f0\u009f\u0094\u0081 Race Condition\n",
        "number": 39,
        "highlight": false
      },
      {
        "number": 40,
        "code": "if (fork() == 0) {\n",
        "highlight": true
      },
      {
        "highlight": false,
        "number": 41,
        "code": "    open my $shared, \">>\", \"race_file.txt\";\n"
      },
      {
        "highlight": false,
        "code": "    print $shared \"child writing...\\n\";\n",
        "number": 42
      }
    ],
    "owasp": "A05:2021-Security Misconfiguration",
    "type": "Pattern-Based",
    "line": 40,
    "id": "FIND-0012",
    "severity": "Medium",
    "code": "if (fork() == 0) {",
    "issue": "Use of fork() (Race Condition Risk)",
    "cwe": "CWE-362"
  },
  {
    "type": "Taint-Based",
    "source": "param",
    "cwe": "CWE-22",
    "code": "    open my $shared, \">>\", \"race_file.txt\";",
    "sink": "open",
    "context": [
      {
        "number": 39,
        "code": "# \u00f0\u009f\u0094\u0081 Race Condition\n",
        "highlight": false
      },
      {
        "number": 40,
        "code": "if (fork() == 0) {\n",
        "highlight": false
      },
      {
        "code": "    open my $shared, \">>\", \"race_file.txt\";\n",
        "number": 41,
        "highlight": true
      },
      {
        "number": 42,
        "code": "    print $shared \"child writing...\\n\";\n",
        "highlight": false
      },
      {
        "highlight": false,
        "number": 43,
        "code": "    close $shared;\n"
      }
    ],
    "file": "/home/kali/Documents/perl-sast-scanner/perlcode/finaltest/complex.pl",
    "owasp": "A05:2021-Security Misconfiguration",
    "line": 41,
    "severity": "High",
    "id": "FIND-0013",
    "variable": "$shared",
    "issue": "Path Traversal via open()"
  },
  {
    "issue": "Improper Logging of User Input",
    "cwe": "CWE-117",
    "code": "    print $shared \"child writing...\\n\";",
    "id": "FIND-0014",
    "severity": "Medium",
    "type": "Pattern-Based",
    "line": 42,
    "owasp": "A09:2021-Logging and Monitoring Failures",
    "context": [
      {
        "code": "if (fork() == 0) {\n",
        "number": 40,
        "highlight": false
      },
      {
        "code": "    open my $shared, \">>\", \"race_file.txt\";\n",
        "number": 41,
        "highlight": false
      },
      {
        "highlight": true,
        "number": 42,
        "code": "    print $shared \"child writing...\\n\";\n"
      },
      {
        "code": "    close $shared;\n",
        "number": 43,
        "highlight": false
      },
      {
        "code": "    exit;\n",
        "number": 44,
        "highlight": false
      }
    ],
    "file": "/home/kali/Documents/perl-sast-scanner/perlcode/finaltest/complex.pl"
  },
  {
    "type": "Pattern-Based",
    "line": 48,
    "owasp": "A01:2021-Broken Access Control",
    "context": [
      {
        "highlight": false,
        "code": "\n",
        "number": 46
      },
      {
        "highlight": false,
        "number": 47,
        "code": "# \u00e2\u009d\u0097 Missing CSRF Token in form\n"
      },
      {
        "highlight": true,
        "code": "print \"<form method='POST' action='/submit'>Name: <input name='name'></form>\"; # CWE-352\n",
        "number": 48
      },
      {
        "highlight": false,
        "code": "\n",
        "number": 49
      },
      {
        "highlight": false,
        "code": "# \u00f0\u009f\u0098\u00ac Weak Random\n",
        "number": 50
      }
    ],
    "file": "/home/kali/Documents/perl-sast-scanner/perlcode/finaltest/complex.pl",
    "cwe": "CWE-352",
    "issue": "Missing CSRF Token in Form",
    "code": "print \"<form method='POST' action='/submit'>Name: <input name='name'></form>\"; # CWE-352",
    "id": "FIND-0015",
    "severity": "High"
  },
  {
    "type": "Pattern-Based",
    "owasp": "A01:2021-Broken Access Control",
    "line": 48,
    "file": "/home/kali/Documents/perl-sast-scanner/perlcode/finaltest/complex.pl",
    "context": [
      {
        "number": 46,
        "code": "\n",
        "highlight": false
      },
      {
        "code": "# \u00e2\u009d\u0097 Missing CSRF Token in form\n",
        "number": 47,
        "highlight": false
      },
      {
        "number": 48,
        "code": "print \"<form method='POST' action='/submit'>Name: <input name='name'></form>\"; # CWE-352\n",
        "highlight": true
      },
      {
        "highlight": false,
        "code": "\n",
        "number": 49
      },
      {
        "code": "# \u00f0\u009f\u0098\u00ac Weak Random\n",
        "number": 50,
        "highlight": false
      }
    ],
    "code": "print \"<form method='POST' action='/submit'>Name: <input name='name'></form>\"; # CWE-352",
    "issue": "CSRF Token Missing in HTML Form",
    "cwe": "CWE-352",
    "id": "FIND-0016",
    "severity": "High"
  },
  {
    "file": "/home/kali/Documents/perl-sast-scanner/perlcode/finaltest/complex.pl",
    "context": [
      {
        "highlight": false,
        "code": "\n",
        "number": 49
      },
      {
        "number": 50,
        "code": "# \u00f0\u009f\u0098\u00ac Weak Random\n",
        "highlight": false
      },
      {
        "code": "my $token = int(rand(10000));\n",
        "number": 51,
        "highlight": true
      },
      {
        "code": "\n",
        "number": 52,
        "highlight": false
      },
      {
        "code": "# \u00f0\u009f\u009a\u00a8 Use of MD5\n",
        "number": 53,
        "highlight": false
      }
    ],
    "line": 51,
    "type": "Pattern-Based",
    "owasp": "A02:2021-Cryptographic Failures",
    "id": "FIND-0017",
    "severity": "Medium",
    "code": "my $token = int(rand(10000));",
    "issue": "Improper Use of Random Number Generator",
    "cwe": "CWE-338"
  },
  {
    "line": 54,
    "type": "Pattern-Based",
    "owasp": "A02:2021-Cryptographic Failures",
    "context": [
      {
        "highlight": false,
        "number": 52,
        "code": "\n"
      },
      {
        "highlight": false,
        "code": "# \u00f0\u009f\u009a\u00a8 Use of MD5\n",
        "number": 53
      },
      {
        "highlight": true,
        "code": "my $digest = md5_hex($pass);\n",
        "number": 54
      },
      {
        "highlight": false,
        "number": 55,
        "code": "\n"
      },
      {
        "number": 56,
        "code": "# \u00f0\u009f\u0090\u008d SSRF via LWP::UserAgent\n",
        "highlight": false
      }
    ],
    "file": "/home/kali/Documents/perl-sast-scanner/perlcode/finaltest/complex.pl",
    "issue": "Use of MD5",
    "cwe": "CWE-327",
    "code": "my $digest = md5_hex($pass);",
    "severity": "Medium",
    "id": "FIND-0018"
  },
  {
    "context": [
      {
        "highlight": false,
        "code": "my $digest = md5_hex($pass);\n",
        "number": 54
      },
      {
        "code": "\n",
        "number": 55,
        "highlight": false
      },
      {
        "highlight": true,
        "number": 56,
        "code": "# \u00f0\u009f\u0090\u008d SSRF via LWP::UserAgent\n"
      },
      {
        "highlight": false,
        "number": 57,
        "code": "my $ua = LWP::UserAgent->new;\n"
      },
      {
        "code": "my $response = $ua->get($redir);  # SSRF + Unvalidated Redirect\n",
        "number": 58,
        "highlight": false
      }
    ],
    "file": "/home/kali/Documents/perl-sast-scanner/perlcode/finaltest/complex.pl",
    "type": "Pattern-Based",
    "line": 56,
    "owasp": "A10:2021-SSRF",
    "severity": "Medium",
    "id": "FIND-0019",
    "issue": "Server Side Request Forgery (SSRF)",
    "cwe": "CWE-918",
    "code": "# \u00f0\u009f\u0090\u008d SSRF via LWP::UserAgent"
  },
  {
    "code": "my $ua = LWP::UserAgent->new;",
    "cwe": "CWE-918",
    "issue": "Server Side Request Forgery (SSRF)",
    "severity": "Medium",
    "id": "FIND-0020",
    "type": "Pattern-Based",
    "line": 57,
    "owasp": "A10:2021-SSRF",
    "file": "/home/kali/Documents/perl-sast-scanner/perlcode/finaltest/complex.pl",
    "context": [
      {
        "code": "\n",
        "number": 55,
        "highlight": false
      },
      {
        "code": "# \u00f0\u009f\u0090\u008d SSRF via LWP::UserAgent\n",
        "number": 56,
        "highlight": false
      },
      {
        "code": "my $ua = LWP::UserAgent->new;\n",
        "number": 57,
        "highlight": true
      },
      {
        "highlight": false,
        "code": "my $response = $ua->get($redir);  # SSRF + Unvalidated Redirect\n",
        "number": 58
      },
      {
        "code": "\n",
        "number": 59,
        "highlight": false
      }
    ]
  },
  {
    "file": "/home/kali/Documents/perl-sast-scanner/perlcode/finaltest/complex.pl",
    "context": [
      {
        "highlight": false,
        "number": 59,
        "code": "\n"
      },
      {
        "highlight": false,
        "code": "# \u00f0\u009f\u00a7\u00a8 Logging user input directly\n",
        "number": 60
      },
      {
        "number": 61,
        "code": "print \"User input: $cmd\\n\";\n",
        "highlight": true
      },
      {
        "highlight": false,
        "number": 62,
        "code": "\n"
      },
      {
        "number": 63,
        "code": "# \u00f0\u009f\u0090\u009b Buffer error\n",
        "highlight": false
      }
    ],
    "type": "Pattern-Based",
    "owasp": "A09:2021-Logging and Monitoring Failures",
    "line": 61,
    "id": "FIND-0021",
    "severity": "Medium",
    "code": "print \"User input: $cmd\\n\";",
    "issue": "Improper Logging of User Input",
    "cwe": "CWE-117"
  },
  {
    "id": "FIND-0022",
    "severity": "Medium",
    "issue": "Improper Restriction of Operations in Buffer",
    "cwe": "CWE-119",
    "code": "my $substr = substr($pass, -999, 200); # CWE-119",
    "context": [
      {
        "highlight": false,
        "code": "\n",
        "number": 62
      },
      {
        "number": 63,
        "code": "# \u00f0\u009f\u0090\u009b Buffer error\n",
        "highlight": false
      },
      {
        "highlight": true,
        "code": "my $substr = substr($pass, -999, 200); # CWE-119\n",
        "number": 64
      },
      {
        "code": "\n",
        "number": 65,
        "highlight": false
      },
      {
        "highlight": false,
        "code": "# \u00f0\u009f\u00a7\u00a8 chmod 777\n",
        "number": 66
      }
    ],
    "file": "/home/kali/Documents/perl-sast-scanner/perlcode/finaltest/complex.pl",
    "type": "Pattern-Based",
    "owasp": "A05:2021-Security Misconfiguration",
    "line": 64
  },
  {
    "context": [
      {
        "number": 65,
        "code": "\n",
        "highlight": false
      },
      {
        "number": 66,
        "code": "# \u00f0\u009f\u00a7\u00a8 chmod 777\n",
        "highlight": false
      },
      {
        "number": 67,
        "code": "chmod 0777, \"config.pl\"; # CWE-276\n",
        "highlight": true
      },
      {
        "number": 68,
        "code": "\n",
        "highlight": false
      },
      {
        "highlight": false,
        "number": 69,
        "code": "# \u00f0\u009f\u0092\u00a5 Insecure temp file\n"
      }
    ],
    "file": "/home/kali/Documents/perl-sast-scanner/perlcode/finaltest/complex.pl",
    "type": "Pattern-Based",
    "line": 67,
    "owasp": "A05:2021-Security Misconfiguration",
    "severity": "High",
    "id": "FIND-0023",
    "cwe": "CWE-538",
    "issue": "Exposed Config or Env File",
    "code": "chmod 0777, \"config.pl\"; # CWE-276"
  },
  {
    "context": [
      {
        "number": 68,
        "code": "\n",
        "highlight": false
      },
      {
        "code": "# \u00f0\u009f\u0092\u00a5 Insecure temp file\n",
        "number": 69,
        "highlight": false
      },
      {
        "number": 70,
        "code": "my $temp = tmpnam();\n",
        "highlight": true
      },
      {
        "number": 71,
        "code": "open my $tmp, '>', $temp;\n",
        "highlight": false
      },
      {
        "number": 72,
        "code": "print $tmp \"temp content\";\n",
        "highlight": false
      }
    ],
    "file": "/home/kali/Documents/perl-sast-scanner/perlcode/finaltest/complex.pl",
    "type": "Pattern-Based",
    "line": 70,
    "owasp": "A05:2021-Security Misconfiguration",
    "severity": "Medium",
    "id": "FIND-0024",
    "issue": "Insecure Temporary File Creation",
    "cwe": "CWE-377",
    "code": "my $temp = tmpnam();"
  },
  {
    "type": "Taint-Based",
    "source": "param",
    "cwe": "CWE-22",
    "code": "open my $tmp, '>', $temp;",
    "context": [
      {
        "code": "# \u00f0\u009f\u0092\u00a5 Insecure temp file\n",
        "number": 69,
        "highlight": false
      },
      {
        "number": 70,
        "code": "my $temp = tmpnam();\n",
        "highlight": false
      },
      {
        "highlight": true,
        "number": 71,
        "code": "open my $tmp, '>', $temp;\n"
      },
      {
        "highlight": false,
        "number": 72,
        "code": "print $tmp \"temp content\";\n"
      },
      {
        "highlight": false,
        "code": "close $tmp;\n",
        "number": 73
      }
    ],
    "sink": "open",
    "file": "/home/kali/Documents/perl-sast-scanner/perlcode/finaltest/complex.pl",
    "owasp": "A05:2021-Security Misconfiguration",
    "line": 71,
    "id": "FIND-0025",
    "severity": "High",
    "variable": "$tmp",
    "issue": "Path Traversal via open()"
  },
  {
    "file": "/home/kali/Documents/perl-sast-scanner/perlcode/finaltest/complex.pl",
    "context": [
      {
        "code": "my $temp = tmpnam();\n",
        "number": 70,
        "highlight": false
      },
      {
        "code": "open my $tmp, '>', $temp;\n",
        "number": 71,
        "highlight": false
      },
      {
        "number": 72,
        "code": "print $tmp \"temp content\";\n",
        "highlight": true
      },
      {
        "highlight": false,
        "number": 73,
        "code": "close $tmp;\n"
      },
      {
        "number": 74,
        "code": "\n",
        "highlight": false
      }
    ],
    "type": "Pattern-Based",
    "line": 72,
    "owasp": "A09:2021-Logging and Monitoring Failures",
    "id": "FIND-0026",
    "severity": "Medium",
    "code": "print $tmp \"temp content\";",
    "issue": "Improper Logging of User Input",
    "cwe": "CWE-117"
  },
  {
    "issue": "Suspicious Subroutine \u00c3\u00a2\u00c2\u0080\u00c2\u0093 No Auth/Validation",
    "cwe": "CWE-778",
    "code": "sub validate {",
    "severity": "Low",
    "id": "FIND-0027",
    "owasp": "A07:2021-Identification and Authentication Failures",
    "type": "Structural",
    "line": 76,
    "context": [
      {
        "code": "\n",
        "number": 74,
        "highlight": false
      },
      {
        "number": 75,
        "code": "# \u00f0\u009f\u00a4\u00a1 Fake validation logic\n",
        "highlight": false
      },
      {
        "highlight": true,
        "number": 76,
        "code": "sub validate {\n"
      },
      {
        "highlight": false,
        "code": "    my ($input) = @_;\n",
        "number": 77
      },
      {
        "code": "    return 1 if $input =~ /.*admin.*/;  # CWE-1333: Weak Regex\n",
        "number": 78,
        "highlight": false
      }
    ],
    "file": "/home/kali/Documents/perl-sast-scanner/perlcode/finaltest/complex.pl"
  },
  {
    "cwe": "CWE-1333",
    "issue": "Weak Input Regex Validation",
    "code": "    return 1 if $input =~ /.*admin.*/;  # CWE-1333: Weak Regex",
    "id": "FIND-0028",
    "severity": "Medium",
    "owasp": "A04:2021-Insecure Design",
    "type": "Pattern-Based",
    "line": 78,
    "context": [
      {
        "number": 76,
        "code": "sub validate {\n",
        "highlight": false
      },
      {
        "highlight": false,
        "code": "    my ($input) = @_;\n",
        "number": 77
      },
      {
        "number": 78,
        "code": "    return 1 if $input =~ /.*admin.*/;  # CWE-1333: Weak Regex\n",
        "highlight": true
      },
      {
        "number": 79,
        "code": "    return 0;\n",
        "highlight": false
      },
      {
        "highlight": false,
        "number": 80,
        "code": "}\n"
      }
    ],
    "file": "/home/kali/Documents/perl-sast-scanner/perlcode/finaltest/complex.pl"
  },
  {
    "severity": "Medium",
    "id": "FIND-0029",
    "code": "use LWP::UserAgent;",
    "issue": "Server Side Request Forgery (SSRF)",
    "cwe": "CWE-918",
    "file": "/home/kali/Documents/perl-sast-scanner/perlcode/finaltest/blatant.pl",
    "context": [
      {
        "highlight": false,
        "number": 3,
        "code": "use warnings;\n"
      },
      {
        "number": 4,
        "code": "use CGI;\n",
        "highlight": false
      },
      {
        "code": "use LWP::UserAgent;\n",
        "number": 5,
        "highlight": true
      },
      {
        "code": "use Digest::MD5 qw(md5_hex);               # CWE-327: Use of MD5\n",
        "number": 6,
        "highlight": false
      },
      {
        "code": "use Data::Dumper;                          # CWE-117: Debug Module Enabled\n",
        "number": 7,
        "highlight": false
      }
    ],
    "owasp": "A10:2021-SSRF",
    "type": "Pattern-Based",
    "line": 5
  },
  {
    "context": [
      {
        "highlight": false,
        "number": 4,
        "code": "use CGI;\n"
      },
      {
        "highlight": false,
        "number": 5,
        "code": "use LWP::UserAgent;\n"
      },
      {
        "code": "use Digest::MD5 qw(md5_hex);               # CWE-327: Use of MD5\n",
        "number": 6,
        "highlight": true
      },
      {
        "highlight": false,
        "code": "use Data::Dumper;                          # CWE-117: Debug Module Enabled\n",
        "number": 7
      },
      {
        "highlight": false,
        "code": "use Crypt::DES;                            # CWE-327: Weak Cipher\n",
        "number": 8
      }
    ],
    "file": "/home/kali/Documents/perl-sast-scanner/perlcode/finaltest/blatant.pl",
    "type": "Pattern-Based",
    "line": 6,
    "owasp": "A02:2021-Cryptographic Failures",
    "id": "FIND-0030",
    "severity": "Medium",
    "issue": "Use of MD5",
    "cwe": "CWE-327",
    "code": "use Digest::MD5 qw(md5_hex);               # CWE-327: Use of MD5"
  },
  {
    "severity": "Medium",
    "id": "FIND-0031",
    "issue": "Use of Vulnerable Perl Module",
    "cwe": "CWE-1104",
    "code": "use Digest::MD5 qw(md5_hex);               # CWE-327: Use of MD5",
    "context": [
      {
        "code": "use CGI;\n",
        "number": 4,
        "highlight": false
      },
      {
        "highlight": false,
        "number": 5,
        "code": "use LWP::UserAgent;\n"
      },
      {
        "highlight": true,
        "number": 6,
        "code": "use Digest::MD5 qw(md5_hex);               # CWE-327: Use of MD5\n"
      },
      {
        "code": "use Data::Dumper;                          # CWE-117: Debug Module Enabled\n",
        "number": 7,
        "highlight": false
      },
      {
        "highlight": false,
        "code": "use Crypt::DES;                            # CWE-327: Weak Cipher\n",
        "number": 8
      }
    ],
    "file": "/home/kali/Documents/perl-sast-scanner/perlcode/finaltest/blatant.pl",
    "line": 6,
    "type": "Pattern-Based",
    "owasp": "A06:2021-Vulnerable and Outdated Components"
  },
  {
    "context": [
      {
        "number": 5,
        "code": "use LWP::UserAgent;\n",
        "highlight": false
      },
      {
        "code": "use Digest::MD5 qw(md5_hex);               # CWE-327: Use of MD5\n",
        "number": 6,
        "highlight": false
      },
      {
        "highlight": true,
        "number": 7,
        "code": "use Data::Dumper;                          # CWE-117: Debug Module Enabled\n"
      },
      {
        "highlight": false,
        "number": 8,
        "code": "use Crypt::DES;                            # CWE-327: Weak Cipher\n"
      },
      {
        "highlight": false,
        "number": 9,
        "code": "use JSON;\n"
      }
    ],
    "file": "/home/kali/Documents/perl-sast-scanner/perlcode/finaltest/blatant.pl",
    "type": "Pattern-Based",
    "line": 7,
    "owasp": "A09:2021-Logging and Monitoring Failures",
    "id": "FIND-0032",
    "severity": "Low",
    "issue": "Debug Module Enabled",
    "cwe": "CWE-117",
    "code": "use Data::Dumper;                          # CWE-117: Debug Module Enabled"
  },
  {
    "line": 8,
    "type": "Pattern-Based",
    "owasp": "A02:2021-Cryptographic Failures",
    "context": [
      {
        "highlight": false,
        "code": "use Digest::MD5 qw(md5_hex);               # CWE-327: Use of MD5\n",
        "number": 6
      },
      {
        "highlight": false,
        "code": "use Data::Dumper;                          # CWE-117: Debug Module Enabled\n",
        "number": 7
      },
      {
        "highlight": true,
        "number": 8,
        "code": "use Crypt::DES;                            # CWE-327: Weak Cipher\n"
      },
      {
        "highlight": false,
        "number": 9,
        "code": "use JSON;\n"
      },
      {
        "highlight": false,
        "code": "use Fcntl qw(:DEFAULT :flock);\n",
        "number": 10
      }
    ],
    "file": "/home/kali/Documents/perl-sast-scanner/perlcode/finaltest/blatant.pl",
    "issue": "Use of Weak Cipher",
    "cwe": "CWE-327",
    "code": "use Crypt::DES;                            # CWE-327: Weak Cipher",
    "severity": "High",
    "id": "FIND-0033"
  },
  {
    "code": "my $admin_password = \"SuperSecret123\";",
    "issue": "Hardcoded Password",
    "cwe": "CWE-798",
    "severity": "High",
    "id": "FIND-0034",
    "type": "Pattern-Based",
    "owasp": "A07:2021-Identification and Authentication Failures",
    "line": 14,
    "file": "/home/kali/Documents/perl-sast-scanner/perlcode/finaltest/blatant.pl",
    "context": [
      {
        "highlight": false,
        "number": 12,
        "code": "\n"
      },
      {
        "highlight": false,
        "code": "# CWE-798: Hardcoded credentials\n",
        "number": 13
      },
      {
        "number": 14,
        "code": "my $admin_password = \"SuperSecret123\";\n",
        "highlight": true
      },
      {
        "highlight": false,
        "code": "my $api_key = \"apikey12345678\";\n",
        "number": 15
      },
      {
        "highlight": false,
        "code": "\n",
        "number": 16
      }
    ]
  },
  {
    "context": [
      {
        "code": "# CWE-798: Hardcoded credentials\n",
        "number": 13,
        "highlight": false
      },
      {
        "highlight": false,
        "code": "my $admin_password = \"SuperSecret123\";\n",
        "number": 14
      },
      {
        "highlight": true,
        "number": 15,
        "code": "my $api_key = \"apikey12345678\";\n"
      },
      {
        "highlight": false,
        "number": 16,
        "code": "\n"
      },
      {
        "highlight": false,
        "code": "# CWE-538: Exposed config file\n",
        "number": 17
      }
    ],
    "file": "/home/kali/Documents/perl-sast-scanner/perlcode/finaltest/blatant.pl",
    "type": "Pattern-Based",
    "line": 15,
    "owasp": "A02:2021-Cryptographic Failures",
    "severity": "High",
    "id": "FIND-0035",
    "issue": "Hardcoded Secret/API Key",
    "cwe": "CWE-798",
    "code": "my $api_key = \"apikey12345678\";"
  },
  {
    "owasp": "A05:2021-Security Misconfiguration",
    "type": "Pattern-Based",
    "line": 18,
    "context": [
      {
        "highlight": false,
        "code": "\n",
        "number": 16
      },
      {
        "code": "# CWE-538: Exposed config file\n",
        "number": 17,
        "highlight": false
      },
      {
        "number": 18,
        "code": "require \"./config.pl\";\n",
        "highlight": true
      },
      {
        "code": "\n",
        "number": 19,
        "highlight": false
      },
      {
        "number": 20,
        "code": "# User input sources\n",
        "highlight": false
      }
    ],
    "file": "/home/kali/Documents/perl-sast-scanner/perlcode/finaltest/blatant.pl",
    "cwe": "CWE-538",
    "issue": "Exposed Config or Env File",
    "code": "require \"./config.pl\";",
    "id": "FIND-0036",
    "severity": "High"
  },
  {
    "context": [
      {
        "number": 27,
        "code": "\n",
        "highlight": false
      },
      {
        "number": 28,
        "code": "# CWE-703: Improper Exception Handling\n",
        "highlight": false
      },
      {
        "highlight": true,
        "code": "eval {\n",
        "number": 29
      },
      {
        "code": "    my $risky = risky_function($input);\n",
        "number": 30,
        "highlight": false
      },
      {
        "highlight": false,
        "code": "};\n",
        "number": 31
      }
    ],
    "sink": "eval",
    "file": "/home/kali/Documents/perl-sast-scanner/perlcode/finaltest/blatant.pl",
    "owasp": "A03:2021-Injection",
    "line": 29,
    "id": "FIND-0037",
    "severity": "High",
    "variable": "",
    "issue": "Code Injection via eval",
    "type": "Taint-Based",
    "source": "param",
    "cwe": "CWE-94",
    "code": "eval {"
  },
  {
    "issue": "Improper Exception Handling",
    "cwe": "CWE-703",
    "code": "eval {",
    "severity": "Medium",
    "id": "FIND-0038",
    "type": "Pattern-Based",
    "owasp": "A09:2021-Logging and Monitoring Failures",
    "line": 29,
    "context": [
      {
        "highlight": false,
        "number": 27,
        "code": "\n"
      },
      {
        "number": 28,
        "code": "# CWE-703: Improper Exception Handling\n",
        "highlight": false
      },
      {
        "highlight": true,
        "number": 29,
        "code": "eval {\n"
      },
      {
        "highlight": false,
        "code": "    my $risky = risky_function($input);\n",
        "number": 30
      },
      {
        "highlight": false,
        "number": 31,
        "code": "};\n"
      }
    ],
    "file": "/home/kali/Documents/perl-sast-scanner/perlcode/finaltest/blatant.pl"
  },
  {
    "severity": "Medium",
    "id": "FIND-0039",
    "code": "eval {",
    "cwe": "CWE-703",
    "issue": "Eval Block \u00c3\u00a2\u00c2\u0080\u00c2\u0093 No Error Handling",
    "file": "/home/kali/Documents/perl-sast-scanner/perlcode/finaltest/blatant.pl",
    "context": [
      {
        "code": "\n",
        "number": 27,
        "highlight": false
      },
      {
        "number": 28,
        "code": "# CWE-703: Improper Exception Handling\n",
        "highlight": false
      },
      {
        "code": "eval {\n",
        "number": 29,
        "highlight": true
      },
      {
        "highlight": false,
        "code": "    my $risky = risky_function($input);\n",
        "number": 30
      },
      {
        "code": "};\n",
        "number": 31,
        "highlight": false
      }
    ],
    "type": "Structural",
    "owasp": "A09:2021-Logging and Monitoring Failures",
    "line": 29
  },
  {
    "code": "print length($undef_var);                  # Null deref risk",
    "issue": "NULL Dereference via length()",
    "cwe": "CWE-476",
    "id": "FIND-0040",
    "severity": "Low",
    "type": "Pattern-Based",
    "owasp": "A05:2021-Security Misconfiguration",
    "line": 35,
    "file": "/home/kali/Documents/perl-sast-scanner/perlcode/finaltest/blatant.pl",
    "context": [
      {
        "highlight": false,
        "number": 33,
        "code": "# CWE-476: NULL Dereference\n"
      },
      {
        "highlight": false,
        "code": "my $undef_var;\n",
        "number": 34
      },
      {
        "highlight": true,
        "code": "print length($undef_var);                  # Null deref risk\n",
        "number": 35
      },
      {
        "highlight": false,
        "number": 36,
        "code": "\n"
      },
      {
        "highlight": false,
        "number": 37,
        "code": "# CWE-190: Integer overflow\n"
      }
    ]
  },
  {
    "context": [
      {
        "code": "# CWE-476: NULL Dereference\n",
        "number": 33,
        "highlight": false
      },
      {
        "highlight": false,
        "number": 34,
        "code": "my $undef_var;\n"
      },
      {
        "highlight": true,
        "number": 35,
        "code": "print length($undef_var);                  # Null deref risk\n"
      },
      {
        "number": 36,
        "code": "\n",
        "highlight": false
      },
      {
        "highlight": false,
        "number": 37,
        "code": "# CWE-190: Integer overflow\n"
      }
    ],
    "file": "/home/kali/Documents/perl-sast-scanner/perlcode/finaltest/blatant.pl",
    "line": 35,
    "type": "Pattern-Based",
    "owasp": "A09:2021-Logging and Monitoring Failures",
    "severity": "Medium",
    "id": "FIND-0041",
    "issue": "Improper Logging of User Input",
    "cwe": "CWE-117",
    "code": "print length($undef_var);                  # Null deref risk"
  },
  {
    "issue": "Integer Overflow via Large Multiplication",
    "cwe": "CWE-190",
    "code": "my $big = 999999 * 999999999;",
    "severity": "Medium",
    "id": "FIND-0042",
    "owasp": "A05:2021-Security Misconfiguration",
    "type": "Pattern-Based",
    "line": 38,
    "context": [
      {
        "highlight": false,
        "number": 36,
        "code": "\n"
      },
      {
        "highlight": false,
        "code": "# CWE-190: Integer overflow\n",
        "number": 37
      },
      {
        "highlight": true,
        "code": "my $big = 999999 * 999999999;\n",
        "number": 38
      },
      {
        "highlight": false,
        "number": 39,
        "code": "\n"
      },
      {
        "code": "# CWE-840: Business Logic Flaw\n",
        "number": 40,
        "highlight": false
      }
    ],
    "file": "/home/kali/Documents/perl-sast-scanner/perlcode/finaltest/blatant.pl"
  },
  {
    "id": "FIND-0043",
    "severity": "Medium",
    "cwe": "CWE-840",
    "issue": "Potential Business Logic Flaw",
    "code": "if ($balance < 0) {",
    "context": [
      {
        "highlight": false,
        "code": "# CWE-840: Business Logic Flaw\n",
        "number": 40
      },
      {
        "highlight": false,
        "code": "my $balance = -1000;\n",
        "number": 41
      },
      {
        "code": "if ($balance < 0) {\n",
        "number": 42,
        "highlight": true
      },
      {
        "highlight": false,
        "code": "    print \"Processing refund...\\n\";\n",
        "number": 43
      },
      {
        "highlight": false,
        "code": "}\n",
        "number": 44
      }
    ],
    "file": "/home/kali/Documents/perl-sast-scanner/perlcode/finaltest/blatant.pl",
    "type": "Pattern-Based",
    "owasp": "A04:2021-Insecure Design",
    "line": 42
  },
  {
    "id": "FIND-0044",
    "severity": "High",
    "issue": "Command Injection via Backticks",
    "cwe": "CWE-77",
    "code": "my $result = `$cmd`;                       # Dangerous if $cmd is not validated",
    "context": [
      {
        "highlight": false,
        "code": "\n",
        "number": 45
      },
      {
        "code": "# CWE-77: Command Injection via backticks\n",
        "number": 46,
        "highlight": false
      },
      {
        "highlight": true,
        "number": 47,
        "code": "my $result = `$cmd`;                       # Dangerous if $cmd is not validated\n"
      },
      {
        "number": 48,
        "code": "\n",
        "highlight": false
      },
      {
        "highlight": false,
        "number": 49,
        "code": "# CWE-78: Unescaped user input in command\n"
      }
    ],
    "file": "/home/kali/Documents/perl-sast-scanner/perlcode/finaltest/blatant.pl",
    "type": "Pattern-Based",
    "owasp": "A03:2021-Injection",
    "line": 47
  },
  {
    "owasp": "A03:2021-Injection",
    "line": 50,
    "file": "/home/kali/Documents/perl-sast-scanner/perlcode/finaltest/blatant.pl",
    "sink": "system",
    "context": [
      {
        "highlight": false,
        "code": "\n",
        "number": 48
      },
      {
        "number": 49,
        "code": "# CWE-78: Unescaped user input in command\n",
        "highlight": false
      },
      {
        "code": "system(\"ping $input\");\n",
        "number": 50,
        "highlight": true
      },
      {
        "number": 51,
        "code": "\n",
        "highlight": false
      },
      {
        "highlight": false,
        "number": 52,
        "code": "# CWE-73 + CWE-22: Direct file access + Path traversal\n"
      }
    ],
    "issue": "Command Injection",
    "variable": "$input",
    "id": "FIND-0045",
    "severity": "High",
    "type": "Taint-Based",
    "code": "system(\"ping $input\");",
    "cwe": "CWE-78",
    "source": "param"
  },
  {
    "context": [
      {
        "code": "\n",
        "number": 48,
        "highlight": false
      },
      {
        "highlight": false,
        "number": 49,
        "code": "# CWE-78: Unescaped user input in command\n"
      },
      {
        "highlight": true,
        "number": 50,
        "code": "system(\"ping $input\");\n"
      },
      {
        "highlight": false,
        "number": 51,
        "code": "\n"
      },
      {
        "highlight": false,
        "code": "# CWE-73 + CWE-22: Direct file access + Path traversal\n",
        "number": 52
      }
    ],
    "file": "/home/kali/Documents/perl-sast-scanner/perlcode/finaltest/blatant.pl",
    "owasp": "A03:2021-Injection",
    "type": "Pattern-Based",
    "line": 50,
    "severity": "High",
    "id": "FIND-0046",
    "issue": "Unescaped User Input in Command",
    "cwe": "CWE-78",
    "code": "system(\"ping $input\");"
  },
  {
    "file": "/home/kali/Documents/perl-sast-scanner/perlcode/finaltest/blatant.pl",
    "sink": "open",
    "context": [
      {
        "highlight": false,
        "code": "\n",
        "number": 51
      },
      {
        "code": "# CWE-73 + CWE-22: Direct file access + Path traversal\n",
        "number": 52,
        "highlight": false
      },
      {
        "number": 53,
        "code": "open(my $fh, \"<\", $file) or die \"Can't open $file\";\n",
        "highlight": true
      },
      {
        "highlight": false,
        "code": "\n",
        "number": 54
      },
      {
        "highlight": false,
        "number": 55,
        "code": "# CWE-434: Unrestricted File Upload\n"
      }
    ],
    "owasp": "A05:2021-Security Misconfiguration",
    "line": 53,
    "variable": "$fh",
    "id": "FIND-0047",
    "severity": "High",
    "issue": "Path Traversal via open()",
    "type": "Taint-Based",
    "source": "param",
    "code": "open(my $fh, \"<\", $file) or die \"Can't open $file\";",
    "cwe": "CWE-22"
  },
  {
    "owasp": "A05:2021-Security Misconfiguration",
    "type": "Pattern-Based",
    "line": 53,
    "context": [
      {
        "number": 51,
        "code": "\n",
        "highlight": false
      },
      {
        "highlight": false,
        "code": "# CWE-73 + CWE-22: Direct file access + Path traversal\n",
        "number": 52
      },
      {
        "code": "open(my $fh, \"<\", $file) or die \"Can't open $file\";\n",
        "number": 53,
        "highlight": true
      },
      {
        "number": 54,
        "code": "\n",
        "highlight": false
      },
      {
        "highlight": false,
        "code": "# CWE-434: Unrestricted File Upload\n",
        "number": 55
      }
    ],
    "file": "/home/kali/Documents/perl-sast-scanner/perlcode/finaltest/blatant.pl",
    "issue": "Direct File Access Based on User Input",
    "cwe": "CWE-73",
    "code": "open(my $fh, \"<\", $file) or die \"Can't open $file\";",
    "id": "FIND-0048",
    "severity": "High"
  },
  {
    "severity": "Medium",
    "id": "FIND-0049",
    "code": "open(my $fh, \"<\", $file) or die \"Can't open $file\";",
    "cwe": "CWE-73",
    "issue": "Insecure File Open \u00c3\u00a2\u00c2\u0080\u00c2\u0093 Path from Variable",
    "file": "/home/kali/Documents/perl-sast-scanner/perlcode/finaltest/blatant.pl",
    "context": [
      {
        "highlight": false,
        "code": "\n",
        "number": 51
      },
      {
        "number": 52,
        "code": "# CWE-73 + CWE-22: Direct file access + Path traversal\n",
        "highlight": false
      },
      {
        "highlight": true,
        "number": 53,
        "code": "open(my $fh, \"<\", $file) or die \"Can't open $file\";\n"
      },
      {
        "highlight": false,
        "number": 54,
        "code": "\n"
      },
      {
        "number": 55,
        "code": "# CWE-434: Unrestricted File Upload\n",
        "highlight": false
      }
    ],
    "line": 53,
    "type": "Structural",
    "owasp": "A05:2021-Security Misconfiguration"
  },
  {
    "file": "/home/kali/Documents/perl-sast-scanner/perlcode/finaltest/blatant.pl",
    "context": [
      {
        "highlight": false,
        "code": "\n",
        "number": 54
      },
      {
        "highlight": false,
        "code": "# CWE-434: Unrestricted File Upload\n",
        "number": 55
      },
      {
        "highlight": true,
        "number": 56,
        "code": "my $upload = $q->upload('file');          # No checks on upload\n"
      },
      {
        "number": 57,
        "code": "\n",
        "highlight": false
      },
      {
        "number": 58,
        "code": "# CWE-94 + CWE-95: Eval from input\n",
        "highlight": false
      }
    ],
    "line": 56,
    "type": "Pattern-Based",
    "owasp": "A08:2021-Software and Data Integrity Failures",
    "id": "FIND-0050",
    "severity": "High",
    "code": "my $upload = $q->upload('file');          # No checks on upload",
    "issue": "Unrestricted File Upload",
    "cwe": "CWE-434"
  },
  {
    "type": "Taint-Based",
    "source": "param",
    "code": "eval($input);",
    "cwe": "CWE-94",
    "file": "/home/kali/Documents/perl-sast-scanner/perlcode/finaltest/blatant.pl",
    "sink": "eval",
    "context": [
      {
        "code": "\n",
        "number": 57,
        "highlight": false
      },
      {
        "number": 58,
        "code": "# CWE-94 + CWE-95: Eval from input\n",
        "highlight": false
      },
      {
        "highlight": true,
        "number": 59,
        "code": "eval($input);\n"
      },
      {
        "highlight": false,
        "code": "\n",
        "number": 60
      },
      {
        "highlight": false,
        "number": 61,
        "code": "# CWE-502: Deserialization of untrusted data\n"
      }
    ],
    "line": 59,
    "owasp": "A03:2021-Injection",
    "variable": "$input",
    "severity": "High",
    "id": "FIND-0051",
    "issue": "Code Injection via eval"
  },
  {
    "cwe": "CWE-502",
    "issue": "Deserialization of Untrusted Data",
    "code": "eval($input);",
    "id": "FIND-0052",
    "severity": "High",
    "line": 59,
    "type": "Pattern-Based",
    "owasp": "A08:2021-Software and Data Integrity Failures",
    "context": [
      {
        "highlight": false,
        "code": "\n",
        "number": 57
      },
      {
        "highlight": false,
        "code": "# CWE-94 + CWE-95: Eval from input\n",
        "number": 58
      },
      {
        "highlight": true,
        "number": 59,
        "code": "eval($input);\n"
      },
      {
        "number": 60,
        "code": "\n",
        "highlight": false
      },
      {
        "highlight": false,
        "number": 61,
        "code": "# CWE-502: Deserialization of untrusted data\n"
      }
    ],
    "file": "/home/kali/Documents/perl-sast-scanner/perlcode/finaltest/blatant.pl"
  },
  {
    "owasp": "A08:2021-Software and Data Integrity Failures",
    "type": "Pattern-Based",
    "line": 59,
    "context": [
      {
        "highlight": false,
        "code": "\n",
        "number": 57
      },
      {
        "highlight": false,
        "code": "# CWE-94 + CWE-95: Eval from input\n",
        "number": 58
      },
      {
        "highlight": true,
        "number": 59,
        "code": "eval($input);\n"
      },
      {
        "highlight": false,
        "number": 60,
        "code": "\n"
      },
      {
        "code": "# CWE-502: Deserialization of untrusted data\n",
        "number": 61,
        "highlight": false
      }
    ],
    "file": "/home/kali/Documents/perl-sast-scanner/perlcode/finaltest/blatant.pl",
    "cwe": "CWE-95",
    "issue": "Unrestricted Use of eval()",
    "code": "eval($input);",
    "id": "FIND-0053",
    "severity": "High"
  },
  {
    "type": "Taint-Based",
    "source": "param",
    "code": "my $decoded = eval { decode_json($json) };  # No validation",
    "cwe": "CWE-94",
    "file": "/home/kali/Documents/perl-sast-scanner/perlcode/finaltest/blatant.pl",
    "context": [
      {
        "highlight": false,
        "code": "# CWE-502: Deserialization of untrusted data\n",
        "number": 61
      },
      {
        "number": 62,
        "code": "my $json = $q->param('json');\n",
        "highlight": false
      },
      {
        "highlight": true,
        "number": 63,
        "code": "my $decoded = eval { decode_json($json) };  # No validation\n"
      },
      {
        "number": 64,
        "code": "\n",
        "highlight": false
      },
      {
        "highlight": false,
        "code": "# CWE-601: Unvalidated Redirect\n",
        "number": 65
      }
    ],
    "sink": "eval",
    "owasp": "A03:2021-Injection",
    "line": 63,
    "variable": "$decoded",
    "id": "FIND-0054",
    "severity": "High",
    "issue": "Code Injection via eval"
  },
  {
    "cwe": "CWE-703",
    "issue": "Improper Exception Handling",
    "code": "my $decoded = eval { decode_json($json) };  # No validation",
    "severity": "Medium",
    "id": "FIND-0055",
    "type": "Pattern-Based",
    "line": 63,
    "owasp": "A09:2021-Logging and Monitoring Failures",
    "context": [
      {
        "highlight": false,
        "code": "# CWE-502: Deserialization of untrusted data\n",
        "number": 61
      },
      {
        "highlight": false,
        "number": 62,
        "code": "my $json = $q->param('json');\n"
      },
      {
        "highlight": true,
        "number": 63,
        "code": "my $decoded = eval { decode_json($json) };  # No validation\n"
      },
      {
        "highlight": false,
        "number": 64,
        "code": "\n"
      },
      {
        "number": 65,
        "code": "# CWE-601: Unvalidated Redirect\n",
        "highlight": false
      }
    ],
    "file": "/home/kali/Documents/perl-sast-scanner/perlcode/finaltest/blatant.pl"
  },
  {
    "code": "my $decoded = eval { decode_json($json) };  # No validation",
    "cwe": "CWE-703",
    "issue": "Potentially Silent Exception Block",
    "severity": "Medium",
    "id": "FIND-0056",
    "type": "Pattern-Based",
    "line": 63,
    "owasp": "A09:2021-Logging and Monitoring Failures",
    "file": "/home/kali/Documents/perl-sast-scanner/perlcode/finaltest/blatant.pl",
    "context": [
      {
        "highlight": false,
        "number": 61,
        "code": "# CWE-502: Deserialization of untrusted data\n"
      },
      {
        "highlight": false,
        "code": "my $json = $q->param('json');\n",
        "number": 62
      },
      {
        "code": "my $decoded = eval { decode_json($json) };  # No validation\n",
        "number": 63,
        "highlight": true
      },
      {
        "highlight": false,
        "number": 64,
        "code": "\n"
      },
      {
        "highlight": false,
        "number": 65,
        "code": "# CWE-601: Unvalidated Redirect\n"
      }
    ]
  },
  {
    "context": [
      {
        "code": "# CWE-601: Unvalidated Redirect\n",
        "number": 65,
        "highlight": false
      },
      {
        "highlight": false,
        "code": "my $redir = $q->param('redir');\n",
        "number": 66
      },
      {
        "highlight": true,
        "code": "print $q->redirect($redir);               # No domain whitelist\n",
        "number": 67
      },
      {
        "number": 68,
        "code": "\n",
        "highlight": false
      },
      {
        "number": 69,
        "code": "# CWE-287: Broken Authentication\n",
        "highlight": false
      }
    ],
    "file": "/home/kali/Documents/perl-sast-scanner/perlcode/finaltest/blatant.pl",
    "owasp": "A01:2021-Broken Access Control",
    "type": "Pattern-Based",
    "line": 67,
    "id": "FIND-0057",
    "severity": "Medium",
    "cwe": "CWE-601",
    "issue": "Unvalidated Redirect",
    "code": "print $q->redirect($redir);               # No domain whitelist"
  },
  {
    "severity": "Medium",
    "id": "FIND-0058",
    "issue": "Improper Logging of User Input",
    "cwe": "CWE-117",
    "code": "print $q->redirect($redir);               # No domain whitelist",
    "context": [
      {
        "highlight": false,
        "number": 65,
        "code": "# CWE-601: Unvalidated Redirect\n"
      },
      {
        "number": 66,
        "code": "my $redir = $q->param('redir');\n",
        "highlight": false
      },
      {
        "highlight": true,
        "number": 67,
        "code": "print $q->redirect($redir);               # No domain whitelist\n"
      },
      {
        "number": 68,
        "code": "\n",
        "highlight": false
      },
      {
        "code": "# CWE-287: Broken Authentication\n",
        "number": 69,
        "highlight": false
      }
    ],
    "file": "/home/kali/Documents/perl-sast-scanner/perlcode/finaltest/blatant.pl",
    "type": "Pattern-Based",
    "owasp": "A09:2021-Logging and Monitoring Failures",
    "line": 67
  },
  {
    "context": [
      {
        "number": 68,
        "code": "\n",
        "highlight": false
      },
      {
        "number": 69,
        "code": "# CWE-287: Broken Authentication\n",
        "highlight": false
      },
      {
        "highlight": true,
        "code": "if ($user eq 'admin') {                   # No password check\n",
        "number": 70
      },
      {
        "code": "    print \"Logged in as admin\\n\";\n",
        "number": 71,
        "highlight": false
      },
      {
        "code": "}\n",
        "number": 72,
        "highlight": false
      }
    ],
    "file": "/home/kali/Documents/perl-sast-scanner/perlcode/finaltest/blatant.pl",
    "type": "Pattern-Based",
    "line": 70,
    "owasp": "A07:2021-Identification and Authentication Failures",
    "severity": "High",
    "id": "FIND-0059",
    "cwe": "CWE-287",
    "issue": "Broken Authentication (no validation)",
    "code": "if ($user eq 'admin') {                   # No password check"
  },
  {
    "owasp": "A07:2021-Identification and Authentication Failures",
    "type": "Pattern-Based",
    "line": 75,
    "context": [
      {
        "highlight": false,
        "number": 73,
        "code": "\n"
      },
      {
        "number": 74,
        "code": "# CWE-1390: Auth bypass with blank input\n",
        "highlight": false
      },
      {
        "highlight": true,
        "number": 75,
        "code": "if ($user eq '') {\n"
      },
      {
        "highlight": false,
        "code": "    print \"Access granted\\n\";\n",
        "number": 76
      },
      {
        "highlight": false,
        "number": 77,
        "code": "}\n"
      }
    ],
    "file": "/home/kali/Documents/perl-sast-scanner/perlcode/finaltest/blatant.pl",
    "cwe": "CWE-1390",
    "issue": "Authentication Bypass using Null or Blank (Expanded)",
    "code": "if ($user eq '') {",
    "id": "FIND-0060",
    "severity": "High"
  },
  {
    "context": [
      {
        "number": 83,
        "code": "\n",
        "highlight": false
      },
      {
        "number": 84,
        "code": "# CWE-276: Incorrect permissions\n",
        "highlight": false
      },
      {
        "code": "chmod(0777, \"./sensitive.txt\");\n",
        "number": 85,
        "highlight": true
      },
      {
        "highlight": false,
        "number": 86,
        "code": "\n"
      },
      {
        "code": "# CWE-276: Permissive umask\n",
        "number": 87,
        "highlight": false
      }
    ],
    "file": "/home/kali/Documents/perl-sast-scanner/perlcode/finaltest/blatant.pl",
    "type": "Pattern-Based",
    "owasp": "A05:2021-Security Misconfiguration",
    "line": 85,
    "severity": "High",
    "id": "FIND-0061",
    "issue": "Incorrect Default Permissions",
    "cwe": "CWE-276",
    "code": "chmod(0777, \"./sensitive.txt\");"
  },
  {
    "context": [
      {
        "highlight": false,
        "code": "\n",
        "number": 86
      },
      {
        "number": 87,
        "code": "# CWE-276: Permissive umask\n",
        "highlight": false
      },
      {
        "code": "umask(0000);\n",
        "number": 88,
        "highlight": true
      },
      {
        "highlight": false,
        "number": 89,
        "code": "\n"
      },
      {
        "code": "# CWE-256: Plaintext credential storage\n",
        "number": 90,
        "highlight": false
      }
    ],
    "file": "/home/kali/Documents/perl-sast-scanner/perlcode/finaltest/blatant.pl",
    "line": 88,
    "type": "Pattern-Based",
    "owasp": "A01:2021-Broken Access Control",
    "severity": "High",
    "id": "FIND-0062",
    "cwe": "CWE-276",
    "issue": "Improper Control of Access Permissions",
    "code": "umask(0000);"
  },
  {
    "id": "FIND-0063",
    "severity": "High",
    "code": "store($user, $pass);",
    "issue": "Plaintext Credential Storage",
    "cwe": "CWE-256",
    "file": "/home/kali/Documents/perl-sast-scanner/perlcode/finaltest/blatant.pl",
    "context": [
      {
        "highlight": false,
        "code": "\n",
        "number": 89
      },
      {
        "highlight": false,
        "number": 90,
        "code": "# CWE-256: Plaintext credential storage\n"
      },
      {
        "number": 91,
        "code": "store($user, $pass);\n",
        "highlight": true
      },
      {
        "highlight": false,
        "number": 92,
        "code": "\n"
      },
      {
        "code": "# CWE-778: Missing auth logs\n",
        "number": 93,
        "highlight": false
      }
    ],
    "owasp": "A02:2021-Cryptographic Failures",
    "type": "Pattern-Based",
    "line": 91
  },
  {
    "severity": "Low",
    "id": "FIND-0064",
    "issue": "Suspicious Auth Function Name",
    "cwe": "CWE-778",
    "code": "sub login {",
    "context": [
      {
        "highlight": false,
        "number": 92,
        "code": "\n"
      },
      {
        "highlight": false,
        "code": "# CWE-778: Missing auth logs\n",
        "number": 93
      },
      {
        "highlight": true,
        "number": 94,
        "code": "sub login {\n"
      },
      {
        "code": "    print \"Login logic here\\n\";           # No logging\n",
        "number": 95,
        "highlight": false
      },
      {
        "highlight": false,
        "number": 96,
        "code": "}\n"
      }
    ],
    "file": "/home/kali/Documents/perl-sast-scanner/perlcode/finaltest/blatant.pl",
    "type": "Pattern-Based",
    "line": 94,
    "owasp": "A07:2021-Identification and Authentication Failures"
  },
  {
    "file": "/home/kali/Documents/perl-sast-scanner/perlcode/finaltest/blatant.pl",
    "context": [
      {
        "highlight": false,
        "number": 97,
        "code": "\n"
      },
      {
        "number": 98,
        "code": "# CWE-209: Error message leakage\n",
        "highlight": false
      },
      {
        "highlight": true,
        "number": 99,
        "code": "die(\"Failed to process user: $user\");     # Leaks input\n"
      },
      {
        "highlight": false,
        "code": "\n",
        "number": 100
      },
      {
        "code": "# CWE-116: XSS from output\n",
        "number": 101,
        "highlight": false
      }
    ],
    "type": "Pattern-Based",
    "line": 99,
    "owasp": "A09:2021-Logging and Monitoring Failures",
    "id": "FIND-0065",
    "severity": "Low",
    "code": "die(\"Failed to process user: $user\");     # Leaks input",
    "cwe": "CWE-209",
    "issue": "Improper Error Message Disclosure"
  },
  {
    "id": "FIND-0066",
    "severity": "High",
    "issue": "XSS via direct print of param",
    "cwe": "CWE-79",
    "code": "print $q->param(\"name\");                  # No HTML escaping",
    "context": [
      {
        "number": 100,
        "code": "\n",
        "highlight": false
      },
      {
        "highlight": false,
        "code": "# CWE-116: XSS from output\n",
        "number": 101
      },
      {
        "highlight": true,
        "code": "print $q->param(\"name\");                  # No HTML escaping\n",
        "number": 102
      },
      {
        "highlight": false,
        "number": 103,
        "code": "\n"
      },
      {
        "number": 104,
        "code": "# CWE-117: Improper neutralization in logs\n",
        "highlight": false
      }
    ],
    "file": "/home/kali/Documents/perl-sast-scanner/perlcode/finaltest/blatant.pl",
    "type": "Pattern-Based",
    "line": 102,
    "owasp": "A03:2021-Injection"
  },
  {
    "context": [
      {
        "highlight": false,
        "number": 100,
        "code": "\n"
      },
      {
        "number": 101,
        "code": "# CWE-116: XSS from output\n",
        "highlight": false
      },
      {
        "code": "print $q->param(\"name\");                  # No HTML escaping\n",
        "number": 102,
        "highlight": true
      },
      {
        "code": "\n",
        "number": 103,
        "highlight": false
      },
      {
        "number": 104,
        "code": "# CWE-117: Improper neutralization in logs\n",
        "highlight": false
      }
    ],
    "file": "/home/kali/Documents/perl-sast-scanner/perlcode/finaltest/blatant.pl",
    "type": "Pattern-Based",
    "line": 102,
    "owasp": "A03:2021-Injection",
    "severity": "High",
    "id": "FIND-0067",
    "issue": "Improper Output Encoding (XSS Risk)",
    "cwe": "CWE-116",
    "code": "print $q->param(\"name\");                  # No HTML escaping"
  },
  {
    "code": "print $q->param(\"name\");                  # No HTML escaping",
    "issue": "Improper Logging of User Input",
    "cwe": "CWE-117",
    "id": "FIND-0068",
    "severity": "Medium",
    "owasp": "A09:2021-Logging and Monitoring Failures",
    "type": "Pattern-Based",
    "line": 102,
    "file": "/home/kali/Documents/perl-sast-scanner/perlcode/finaltest/blatant.pl",
    "context": [
      {
        "highlight": false,
        "number": 100,
        "code": "\n"
      },
      {
        "number": 101,
        "code": "# CWE-116: XSS from output\n",
        "highlight": false
      },
      {
        "number": 102,
        "code": "print $q->param(\"name\");                  # No HTML escaping\n",
        "highlight": true
      },
      {
        "highlight": false,
        "number": 103,
        "code": "\n"
      },
      {
        "highlight": false,
        "number": 104,
        "code": "# CWE-117: Improper neutralization in logs\n"
      }
    ]
  },
  {
    "id": "FIND-0069",
    "severity": "Medium",
    "code": "my $log = \"User login: $user\\n\";",
    "cwe": "CWE-117",
    "issue": "Improper Logging of User Input",
    "file": "/home/kali/Documents/perl-sast-scanner/perlcode/finaltest/blatant.pl",
    "context": [
      {
        "highlight": false,
        "code": "\n",
        "number": 103
      },
      {
        "highlight": false,
        "code": "# CWE-117: Improper neutralization in logs\n",
        "number": 104
      },
      {
        "code": "my $log = \"User login: $user\\n\";\n",
        "number": 105,
        "highlight": true
      },
      {
        "number": 106,
        "code": "print LOG $log;\n",
        "highlight": false
      },
      {
        "highlight": false,
        "number": 107,
        "code": "\n"
      }
    ],
    "line": 105,
    "type": "Pattern-Based",
    "owasp": "A09:2021-Logging and Monitoring Failures"
  },
  {
    "file": "/home/kali/Documents/perl-sast-scanner/perlcode/finaltest/blatant.pl",
    "context": [
      {
        "highlight": false,
        "number": 104,
        "code": "# CWE-117: Improper neutralization in logs\n"
      },
      {
        "highlight": false,
        "code": "my $log = \"User login: $user\\n\";\n",
        "number": 105
      },
      {
        "highlight": true,
        "number": 106,
        "code": "print LOG $log;\n"
      },
      {
        "highlight": false,
        "number": 107,
        "code": "\n"
      },
      {
        "highlight": false,
        "number": 108,
        "code": "# CWE-377: Insecure temporary file creation\n"
      }
    ],
    "type": "Pattern-Based",
    "owasp": "A09:2021-Logging and Monitoring Failures",
    "line": 106,
    "id": "FIND-0070",
    "severity": "Medium",
    "code": "print LOG $log;",
    "issue": "Improper Logging of User Input",
    "cwe": "CWE-117"
  },
  {
    "issue": "Insecure Temporary File Creation",
    "cwe": "CWE-377",
    "code": "my $tmp = tmpnam();",
    "severity": "Medium",
    "id": "FIND-0071",
    "owasp": "A05:2021-Security Misconfiguration",
    "type": "Pattern-Based",
    "line": 109,
    "context": [
      {
        "number": 107,
        "code": "\n",
        "highlight": false
      },
      {
        "highlight": false,
        "code": "# CWE-377: Insecure temporary file creation\n",
        "number": 108
      },
      {
        "number": 109,
        "code": "my $tmp = tmpnam();\n",
        "highlight": true
      },
      {
        "highlight": false,
        "number": 110,
        "code": "open my $tfh, \">\", $tmp;\n"
      },
      {
        "number": 111,
        "code": "\n",
        "highlight": false
      }
    ],
    "file": "/home/kali/Documents/perl-sast-scanner/perlcode/finaltest/blatant.pl"
  },
  {
    "cwe": "CWE-22",
    "code": "open my $tfh, \">\", $tmp;",
    "source": "param",
    "type": "Taint-Based",
    "issue": "Path Traversal via open()",
    "severity": "High",
    "id": "FIND-0072",
    "variable": "$tfh",
    "owasp": "A05:2021-Security Misconfiguration",
    "line": 110,
    "sink": "open",
    "context": [
      {
        "highlight": false,
        "code": "# CWE-377: Insecure temporary file creation\n",
        "number": 108
      },
      {
        "highlight": false,
        "code": "my $tmp = tmpnam();\n",
        "number": 109
      },
      {
        "code": "open my $tfh, \">\", $tmp;\n",
        "number": 110,
        "highlight": true
      },
      {
        "highlight": false,
        "code": "\n",
        "number": 111
      },
      {
        "highlight": false,
        "code": "# CWE-362: Race condition\n",
        "number": 112
      }
    ],
    "file": "/home/kali/Documents/perl-sast-scanner/perlcode/finaltest/blatant.pl"
  },
  {
    "code": "if (fork() == 0) {",
    "cwe": "CWE-362",
    "issue": "Use of fork() (Race Condition Risk)",
    "severity": "Medium",
    "id": "FIND-0073",
    "type": "Pattern-Based",
    "owasp": "A05:2021-Security Misconfiguration",
    "line": 113,
    "file": "/home/kali/Documents/perl-sast-scanner/perlcode/finaltest/blatant.pl",
    "context": [
      {
        "code": "\n",
        "number": 111,
        "highlight": false
      },
      {
        "highlight": false,
        "number": 112,
        "code": "# CWE-362: Race condition\n"
      },
      {
        "number": 113,
        "code": "if (fork() == 0) {\n",
        "highlight": true
      },
      {
        "highlight": false,
        "code": "    print \"Child process doing stuff\\n\";\n",
        "number": 114
      },
      {
        "number": 115,
        "code": "    exit;\n",
        "highlight": false
      }
    ]
  },
  {
    "file": "/home/kali/Documents/perl-sast-scanner/perlcode/finaltest/blatant.pl",
    "context": [
      {
        "code": "\n",
        "number": 117,
        "highlight": false
      },
      {
        "number": 118,
        "code": "# CWE-327: Use of MD5\n",
        "highlight": false
      },
      {
        "highlight": true,
        "code": "my $digest = md5_hex($pass);\n",
        "number": 119
      },
      {
        "number": 120,
        "code": "\n",
        "highlight": false
      },
      {
        "code": "# CWE-338: Weak random number\n",
        "number": 121,
        "highlight": false
      }
    ],
    "line": 119,
    "type": "Pattern-Based",
    "owasp": "A02:2021-Cryptographic Failures",
    "severity": "Medium",
    "id": "FIND-0074",
    "code": "my $digest = md5_hex($pass);",
    "cwe": "CWE-327",
    "issue": "Use of MD5"
  },
  {
    "context": [
      {
        "code": "\n",
        "number": 120,
        "highlight": false
      },
      {
        "number": 121,
        "code": "# CWE-338: Weak random number\n",
        "highlight": false
      },
      {
        "highlight": true,
        "number": 122,
        "code": "my $token = int(rand(1000000));\n"
      },
      {
        "number": 123,
        "code": "\n",
        "highlight": false
      },
      {
        "number": 124,
        "code": "# CWE-1333: Weak input regex\n",
        "highlight": false
      }
    ],
    "file": "/home/kali/Documents/perl-sast-scanner/perlcode/finaltest/blatant.pl",
    "type": "Pattern-Based",
    "line": 122,
    "owasp": "A02:2021-Cryptographic Failures",
    "id": "FIND-0075",
    "severity": "Medium",
    "cwe": "CWE-338",
    "issue": "Improper Use of Random Number Generator",
    "code": "my $token = int(rand(1000000));"
  },
  {
    "cwe": "CWE-1333",
    "issue": "Weak Input Regex Validation",
    "code": "if ($input =~ /.*password.*/) {",
    "id": "FIND-0076",
    "severity": "Medium",
    "type": "Pattern-Based",
    "line": 125,
    "owasp": "A04:2021-Insecure Design",
    "context": [
      {
        "number": 123,
        "code": "\n",
        "highlight": false
      },
      {
        "highlight": false,
        "number": 124,
        "code": "# CWE-1333: Weak input regex\n"
      },
      {
        "code": "if ($input =~ /.*password.*/) {\n",
        "number": 125,
        "highlight": true
      },
      {
        "highlight": false,
        "code": "    print \"Found password\\n\";\n",
        "number": 126
      },
      {
        "number": 127,
        "code": "}\n",
        "highlight": false
      }
    ],
    "file": "/home/kali/Documents/perl-sast-scanner/perlcode/finaltest/blatant.pl"
  },
  {
    "owasp": "A01:2021-Broken Access Control",
    "type": "Pattern-Based",
    "line": 130,
    "context": [
      {
        "highlight": false,
        "code": "\n",
        "number": 128
      },
      {
        "code": "# CWE-352: Missing CSRF token\n",
        "number": 129,
        "highlight": false
      },
      {
        "code": "print \"<form action='/submit' method='POST'>\";  # No CSRF token\n",
        "number": 130,
        "highlight": true
      },
      {
        "highlight": false,
        "code": "print \"<input name='data'>\";\n",
        "number": 131
      },
      {
        "number": 132,
        "code": "print \"</form>\";\n",
        "highlight": false
      }
    ],
    "file": "/home/kali/Documents/perl-sast-scanner/perlcode/finaltest/blatant.pl",
    "cwe": "CWE-352",
    "issue": "Missing CSRF Token in Form",
    "code": "print \"<form action='/submit' method='POST'>\";  # No CSRF token",
    "severity": "High",
    "id": "FIND-0077"
  },
  {
    "context": [
      {
        "number": 128,
        "code": "\n",
        "highlight": false
      },
      {
        "number": 129,
        "code": "# CWE-352: Missing CSRF token\n",
        "highlight": false
      },
      {
        "code": "print \"<form action='/submit' method='POST'>\";  # No CSRF token\n",
        "number": 130,
        "highlight": true
      },
      {
        "highlight": false,
        "number": 131,
        "code": "print \"<input name='data'>\";\n"
      },
      {
        "highlight": false,
        "number": 132,
        "code": "print \"</form>\";\n"
      }
    ],
    "file": "/home/kali/Documents/perl-sast-scanner/perlcode/finaltest/blatant.pl",
    "owasp": "A01:2021-Broken Access Control",
    "type": "Pattern-Based",
    "line": 130,
    "severity": "High",
    "id": "FIND-0078",
    "cwe": "CWE-352",
    "issue": "CSRF Token Missing in HTML Form",
    "code": "print \"<form action='/submit' method='POST'>\";  # No CSRF token"
  },
  {
    "source": "param",
    "cwe": "CWE-22",
    "code": "    open my $log, '>>', 'logfile.log';",
    "type": "Taint-Based",
    "id": "FIND-0079",
    "severity": "High",
    "variable": "$log",
    "issue": "Path Traversal via open()",
    "context": [
      {
        "highlight": false,
        "number": 140,
        "code": "sub log_action {\n"
      },
      {
        "highlight": false,
        "code": "    my $msg = shift;\n",
        "number": 141
      },
      {
        "code": "    open my $log, '>>', 'logfile.log';\n",
        "number": 142,
        "highlight": true
      },
      {
        "highlight": false,
        "code": "    print $log \"LOG: $msg\\n\";             # CWE-117\n",
        "number": 143
      },
      {
        "code": "    close $log;\n",
        "number": 144,
        "highlight": false
      }
    ],
    "sink": "open",
    "file": "/home/kali/Documents/perl-sast-scanner/perlcode/finaltest/blatant.pl",
    "owasp": "A05:2021-Security Misconfiguration",
    "line": 142
  },
  {
    "context": [
      {
        "number": 141,
        "code": "    my $msg = shift;\n",
        "highlight": false
      },
      {
        "highlight": false,
        "number": 142,
        "code": "    open my $log, '>>', 'logfile.log';\n"
      },
      {
        "code": "    print $log \"LOG: $msg\\n\";             # CWE-117\n",
        "number": 143,
        "highlight": true
      },
      {
        "code": "    close $log;\n",
        "number": 144,
        "highlight": false
      },
      {
        "highlight": false,
        "number": 145,
        "code": "}\n"
      }
    ],
    "file": "/home/kali/Documents/perl-sast-scanner/perlcode/finaltest/blatant.pl",
    "type": "Pattern-Based",
    "line": 143,
    "owasp": "A09:2021-Logging and Monitoring Failures",
    "id": "FIND-0080",
    "severity": "Medium",
    "cwe": "CWE-117",
    "issue": "Improper Logging of User Input",
    "code": "    print $log \"LOG: $msg\\n\";             # CWE-117"
  },
  {
    "severity": "Medium",
    "id": "FIND-0081",
    "cwe": "CWE-119",
    "issue": "Improper Restriction of Operations in Buffer",
    "code": "my $substr = substr($str, -5, 2);         # Negative index access",
    "context": [
      {
        "highlight": false,
        "number": 147,
        "code": "# CWE-119: Buffer operation risk\n"
      },
      {
        "highlight": false,
        "number": 148,
        "code": "my $str = \"abc\";\n"
      },
      {
        "highlight": true,
        "number": 149,
        "code": "my $substr = substr($str, -5, 2);         # Negative index access\n"
      },
      {
        "highlight": false,
        "code": "\n",
        "number": 150
      },
      {
        "highlight": false,
        "number": 151,
        "code": "# CWE-306: Missing auth on critical route\n"
      }
    ],
    "file": "/home/kali/Documents/perl-sast-scanner/perlcode/finaltest/blatant.pl",
    "type": "Pattern-Based",
    "line": 149,
    "owasp": "A05:2021-Security Misconfiguration"
  },
  {
    "context": [
      {
        "code": "}\n",
        "number": 154,
        "highlight": false
      },
      {
        "number": 155,
        "code": "\n",
        "highlight": false
      },
      {
        "highlight": true,
        "number": 156,
        "code": "sub risky_function {\n"
      },
      {
        "highlight": false,
        "number": 157,
        "code": "    return $_[0] * 2;\n"
      },
      {
        "code": "}\n",
        "number": 158,
        "highlight": false
      }
    ],
    "file": "/home/kali/Documents/perl-sast-scanner/perlcode/finaltest/blatant.pl",
    "type": "Structural",
    "line": 156,
    "owasp": "A07:2021-Identification and Authentication Failures",
    "severity": "Low",
    "id": "FIND-0082",
    "issue": "Suspicious Subroutine \u00c3\u00a2\u00c2\u0080\u00c2\u0093 No Auth/Validation",
    "cwe": "CWE-778",
    "code": "sub risky_function {"
  },
  {
    "context": [
      {
        "highlight": false,
        "code": "}\n",
        "number": 158
      },
      {
        "code": "\n",
        "number": 159,
        "highlight": false
      },
      {
        "highlight": true,
        "code": "sub store {\n",
        "number": 160
      },
      {
        "number": 161,
        "code": "    my ($u, $p) = @_;\n",
        "highlight": false
      },
      {
        "highlight": false,
        "number": 162,
        "code": "    open my $db, \">>\", \"users.txt\";\n"
      }
    ],
    "file": "/home/kali/Documents/perl-sast-scanner/perlcode/finaltest/blatant.pl",
    "owasp": "A07:2021-Identification and Authentication Failures",
    "type": "Structural",
    "line": 160,
    "severity": "Low",
    "id": "FIND-0083",
    "cwe": "CWE-778",
    "issue": "Suspicious Subroutine \u00c3\u00a2\u00c2\u0080\u00c2\u0093 No Auth/Validation",
    "code": "sub store {"
  },
  {
    "source": "param",
    "code": "    open my $db, \">>\", \"users.txt\";",
    "cwe": "CWE-22",
    "type": "Taint-Based",
    "variable": "$db",
    "severity": "High",
    "id": "FIND-0084",
    "issue": "Path Traversal via open()",
    "file": "/home/kali/Documents/perl-sast-scanner/perlcode/finaltest/blatant.pl",
    "context": [
      {
        "highlight": false,
        "number": 160,
        "code": "sub store {\n"
      },
      {
        "highlight": false,
        "code": "    my ($u, $p) = @_;\n",
        "number": 161
      },
      {
        "code": "    open my $db, \">>\", \"users.txt\";\n",
        "number": 162,
        "highlight": true
      },
      {
        "number": 163,
        "code": "    print $db \"$u:$p\\n\";                  # Plaintext credential storage\n",
        "highlight": false
      },
      {
        "highlight": false,
        "number": 164,
        "code": "    close $db;\n"
      }
    ],
    "sink": "open",
    "owasp": "A05:2021-Security Misconfiguration",
    "line": 162
  },
  {
    "context": [
      {
        "code": "    my ($u, $p) = @_;\n",
        "number": 161,
        "highlight": false
      },
      {
        "number": 162,
        "code": "    open my $db, \">>\", \"users.txt\";\n",
        "highlight": false
      },
      {
        "code": "    print $db \"$u:$p\\n\";                  # Plaintext credential storage\n",
        "number": 163,
        "highlight": true
      },
      {
        "code": "    close $db;\n",
        "number": 164,
        "highlight": false
      },
      {
        "number": 165,
        "code": "}\n",
        "highlight": false
      }
    ],
    "file": "/home/kali/Documents/perl-sast-scanner/perlcode/finaltest/blatant.pl",
    "owasp": "A09:2021-Logging and Monitoring Failures",
    "type": "Pattern-Based",
    "line": 163,
    "severity": "Medium",
    "id": "FIND-0085",
    "issue": "Improper Logging of User Input",
    "cwe": "CWE-117",
    "code": "    print $db \"$u:$p\\n\";                  # Plaintext credential storage"
  }
]