[
  {
    "issue": "Command Injection",
    "type": "Taint-Based",
    "owasp": "A03:2021-Injection",
    "context": [
      {
        "highlight": false,
        "code": "my $input = param('cmd');\n",
        "number": 1
      },
      {
        "highlight": true,
        "code": "system($input);\n",
        "number": 2
      },
      {
        "number": 3,
        "highlight": false,
        "code": "\n"
      }
    ],
    "variable": "$input",
    "id": "FIND-0001",
    "source": "param",
    "sink": "system",
    "file": "/home/kali/Documents/perl-sast-scanner/perlcode/test1.pl",
    "severity": "High",
    "cwe": "CWE-78",
    "line": 2,
    "code": "system($input);"
  },
  {
    "context": [
      {
        "highlight": false,
        "code": "my $input = param('cmd');\n",
        "number": 1
      },
      {
        "code": "system($input);\n",
        "highlight": true,
        "number": 2
      },
      {
        "number": 3,
        "highlight": false,
        "code": "\n"
      }
    ],
    "cwe": "CWE-78",
    "line": 2,
    "severity": "High",
    "owasp": "A03:2021-Injection",
    "id": "FIND-0002",
    "code": "system($input);",
    "issue": "Unescaped User Input in Command",
    "type": "Pattern-Based",
    "file": "/home/kali/Documents/perl-sast-scanner/perlcode/test1.pl"
  },
  {
    "variable": "$bad",
    "context": [
      {
        "code": "my $bad = param('filename');\n",
        "highlight": false,
        "number": 1
      },
      {
        "highlight": true,
        "code": "open(FILE, \"<$bad\");\n",
        "number": 2
      },
      {
        "number": 3,
        "code": "\n",
        "highlight": false
      }
    ],
    "owasp": "A05:2021-Security Misconfiguration",
    "id": "FIND-0003",
    "issue": "Path Traversal via open()",
    "type": "Taint-Based",
    "line": 2,
    "cwe": "CWE-22",
    "severity": "High",
    "code": "open(FILE, \"<$bad\");",
    "sink": "open",
    "source": "param",
    "file": "/home/kali/Documents/perl-sast-scanner/perlcode/test2.pl"
  },
  {
    "id": "FIND-0004",
    "code": "open(FILE, \"<$bad\");",
    "context": [
      {
        "code": "my $bad = param('filename');\n",
        "highlight": false,
        "number": 1
      },
      {
        "code": "open(FILE, \"<$bad\");\n",
        "highlight": true,
        "number": 2
      },
      {
        "highlight": false,
        "code": "\n",
        "number": 3
      }
    ],
    "cwe": "CWE-73",
    "line": 2,
    "severity": "High",
    "owasp": "A05:2021-Security Misconfiguration",
    "type": "Pattern-Based",
    "file": "/home/kali/Documents/perl-sast-scanner/perlcode/test2.pl",
    "issue": "Direct File Access Based on User Input"
  }
]