[
  {
    "context": [
      {
        "number": 1,
        "highlight": false,
        "code": "my $input = param('cmd');\n"
      },
      {
        "number": 2,
        "highlight": true,
        "code": "system($input);\n"
      },
      {
        "highlight": false,
        "number": 3,
        "code": "\n"
      }
    ],
    "sink": "system",
    "type": "Taint-Based",
    "source": "param",
    "owasp": "A03:2021-Injection",
    "cwe": "CWE-78",
    "id": "FIND-0001",
    "variable": "$input",
    "issue": "Command Injection",
    "code": "system($input);",
    "line": 2,
    "severity": "High",
    "file": "/home/kali/Documents/perl-sast-scanner/perlcode/test1.pl"
  },
  {
    "id": "FIND-0002",
    "issue": "Unescaped User Input in Command",
    "cwe": "CWE-78",
    "context": [
      {
        "highlight": false,
        "number": 1,
        "code": "my $input = param('cmd');\n"
      },
      {
        "code": "system($input);\n",
        "highlight": true,
        "number": 2
      },
      {
        "number": 3,
        "highlight": false,
        "code": "\n"
      }
    ],
    "code": "system($input);",
    "line": 2,
    "type": "Pattern-Based",
    "severity": "High",
    "file": "/home/kali/Documents/perl-sast-scanner/perlcode/test1.pl",
    "owasp": "A03:2021-Injection"
  },
  {
    "source": "param",
    "owasp": "A05:2021-Security Misconfiguration",
    "type": "Taint-Based",
    "context": [
      {
        "highlight": false,
        "number": 1,
        "code": "my $bad = param('filename');\n"
      },
      {
        "code": "open(FILE, \"<$bad\");\n",
        "number": 2,
        "highlight": true
      },
      {
        "code": "\n",
        "highlight": false,
        "number": 3
      }
    ],
    "sink": "open",
    "file": "/home/kali/Documents/perl-sast-scanner/perlcode/test2.pl",
    "severity": "High",
    "line": 2,
    "code": "open(FILE, \"<$bad\");",
    "cwe": "CWE-22",
    "id": "FIND-0003",
    "issue": "Path Traversal via open()",
    "variable": "$bad"
  },
  {
    "type": "Pattern-Based",
    "severity": "High",
    "file": "/home/kali/Documents/perl-sast-scanner/perlcode/test2.pl",
    "owasp": "A05:2021-Security Misconfiguration",
    "id": "FIND-0004",
    "issue": "Direct File Access Based on User Input",
    "cwe": "CWE-73",
    "context": [
      {
        "highlight": false,
        "number": 1,
        "code": "my $bad = param('filename');\n"
      },
      {
        "code": "open(FILE, \"<$bad\");\n",
        "highlight": true,
        "number": 2
      },
      {
        "highlight": false,
        "number": 3,
        "code": "\n"
      }
    ],
    "line": 2,
    "code": "open(FILE, \"<$bad\");"
  }
]