[{"issue":"Command Injection","sink":"system","type":"Taint-Based","owasp":"A03:2021-Injection","code":"system($input);","cwe":"CWE-78","source":"param","severity":"High","id":"FIND-0001","file":"/home/kali/Documents/perl-sast-scanner/perlcode/test1.pl","context":[{"code":"my $input = param('cmd');\n","number":1,"highlight":false},{"highlight":true,"number":2,"code":"system($input);\n"},{"highlight":false,"code":"\n","number":3}],"line":2,"variable":"$input"},{"cwe":"CWE-78","context":[{"highlight":false,"code":"my $input = param('cmd');\n","number":1},{"code":"system($input);\n","number":2,"highlight":true},{"code":"\n","number":3,"highlight":false}],"code":"system($input);","line":2,"issue":"Unescaped User Input in Command","severity":"High","type":"Pattern-Based","owasp":"A03:2021-Injection","id":"FIND-0002","file":"/home/kali/Documents/perl-sast-scanner/perlcode/test1.pl"},{"owasp":"A05:2021-Security Misconfiguration","type":"Taint-Based","sink":"open","issue":"Path Traversal via open()","source":"param","cwe":"CWE-22","code":"open(FILE, \"<$bad\");","file":"/home/kali/Documents/perl-sast-scanner/perlcode/test2.pl","id":"FIND-0003","severity":"High","variable":"$bad","line":2,"context":[{"highlight":false,"number":1,"code":"my $bad = param('filename');\n"},{"number":2,"code":"open(FILE, \"<$bad\");\n","highlight":true},{"highlight":false,"number":3,"code":"\n"}]},{"line":2,"code":"open(FILE, \"<$bad\");","context":[{"highlight":false,"code":"my $bad = param('filename');\n","number":1},{"number":2,"code":"open(FILE, \"<$bad\");\n","highlight":true},{"highlight":false,"number":3,"code":"\n"}],"cwe":"CWE-73","file":"/home/kali/Documents/perl-sast-scanner/perlcode/test2.pl","id":"FIND-0004","owasp":"A05:2021-Security Misconfiguration","type":"Pattern-Based","severity":"High","issue":"Direct File Access Based on User Input"}]