[
  {
    "context": [
      {
        "code": "my $input = param('cmd');\n",
        "highlight": false,
        "number": 1
      },
      {
        "code": "system($input);\n",
        "highlight": true,
        "number": 2
      },
      {
        "number": 3,
        "highlight": false,
        "code": "\n"
      }
    ],
    "code": "system($input);",
    "id": "FIND-0001",
    "variable": "$input",
    "owasp": "A03:2021-Injection",
    "file": "/home/kali/Documents/perl-sast-scanner/perlcode/test1.pl",
    "type": "Taint-Based",
    "source": "param",
    "severity": "High",
    "cwe": "CWE-78",
    "issue": "Command Injection",
    "line": 2,
    "sink": "system"
  },
  {
    "id": "FIND-0002",
    "issue": "Unescaped User Input in Command",
    "line": 2,
    "owasp": "A03:2021-Injection",
    "code": "system($input);",
    "file": "/home/kali/Documents/perl-sast-scanner/perlcode/test1.pl",
    "context": [
      {
        "code": "my $input = param('cmd');\n",
        "number": 1,
        "highlight": false
      },
      {
        "highlight": true,
        "number": 2,
        "code": "system($input);\n"
      },
      {
        "code": "\n",
        "number": 3,
        "highlight": false
      }
    ],
    "cwe": "CWE-78",
    "severity": "High",
    "type": "Pattern-Based"
  },
  {
    "line": 2,
    "sink": "open",
    "issue": "Path Traversal via open()",
    "cwe": "CWE-22",
    "source": "param",
    "severity": "High",
    "type": "Taint-Based",
    "file": "/home/kali/Documents/perl-sast-scanner/perlcode/test2.pl",
    "owasp": "A05:2021-Security Misconfiguration",
    "variable": "$bad",
    "id": "FIND-0003",
    "context": [
      {
        "number": 1,
        "highlight": false,
        "code": "my $bad = param('filename');\n"
      },
      {
        "code": "open(FILE, \"<$bad\");\n",
        "highlight": true,
        "number": 2
      },
      {
        "number": 3,
        "highlight": false,
        "code": "\n"
      }
    ],
    "code": "open(FILE, \"<$bad\");"
  },
  {
    "context": [
      {
        "number": 1,
        "highlight": false,
        "code": "my $bad = param('filename');\n"
      },
      {
        "code": "open(FILE, \"<$bad\");\n",
        "highlight": true,
        "number": 2
      },
      {
        "code": "\n",
        "highlight": false,
        "number": 3
      }
    ],
    "file": "/home/kali/Documents/perl-sast-scanner/perlcode/test2.pl",
    "owasp": "A05:2021-Security Misconfiguration",
    "code": "open(FILE, \"<$bad\");",
    "cwe": "CWE-73",
    "severity": "High",
    "type": "Pattern-Based",
    "issue": "Direct File Access Based on User Input",
    "id": "FIND-0004",
    "line": 2
  },
  {
    "issue": "Improper Input Validation (raw STDIN)",
    "id": "FIND-0005",
    "line": 4,
    "context": [
      {
        "highlight": false,
        "number": 2,
        "code": "\n"
      },
      {
        "code": "print \"Enter your name: \";\n",
        "highlight": false,
        "number": 3
      },
      {
        "code": "my $name = <STDIN>;\n",
        "number": 4,
        "highlight": true
      },
      {
        "highlight": false,
        "number": 5,
        "code": "\n"
      },
      {
        "code": "# \u00f0\u009f\u009a\u00a8 Command Injection\n",
        "highlight": false,
        "number": 6
      }
    ],
    "file": "/home/kali/Documents/perl-sast-scanner/perlcode/test3.pl",
    "owasp": "A03:2021-Injection",
    "code": "my $name = <STDIN>;",
    "type": "Pattern-Based",
    "severity": "Medium",
    "cwe": "CWE-20"
  },
  {
    "severity": "Medium",
    "cwe": "CWE-20",
    "type": "Pattern-Based",
    "context": [
      {
        "highlight": false,
        "number": 6,
        "code": "# \u00f0\u009f\u009a\u00a8 Command Injection\n"
      },
      {
        "code": "print \"Running your command...\\n\";\n",
        "highlight": false,
        "number": 7
      },
      {
        "code": "my $input = <STDIN>;\n",
        "number": 8,
        "highlight": true
      },
      {
        "code": "system($input);  # UNSAFE\n",
        "number": 9,
        "highlight": false
      },
      {
        "code": "\n",
        "highlight": false,
        "number": 10
      }
    ],
    "owasp": "A03:2021-Injection",
    "file": "/home/kali/Documents/perl-sast-scanner/perlcode/test3.pl",
    "code": "my $input = <STDIN>;",
    "line": 8,
    "issue": "Improper Input Validation (raw STDIN)",
    "id": "FIND-0006"
  },
  {
    "cwe": "CWE-78",
    "severity": "High",
    "type": "Pattern-Based",
    "context": [
      {
        "highlight": false,
        "number": 7,
        "code": "print \"Running your command...\\n\";\n"
      },
      {
        "highlight": false,
        "number": 8,
        "code": "my $input = <STDIN>;\n"
      },
      {
        "number": 9,
        "highlight": true,
        "code": "system($input);  # UNSAFE\n"
      },
      {
        "highlight": false,
        "number": 10,
        "code": "\n"
      },
      {
        "code": "# \u00f0\u009f\u009a\u00a8 Path Traversal & File Access\n",
        "highlight": false,
        "number": 11
      }
    ],
    "file": "/home/kali/Documents/perl-sast-scanner/perlcode/test3.pl",
    "owasp": "A03:2021-Injection",
    "code": "system($input);  # UNSAFE",
    "line": 9,
    "issue": "Unescaped User Input in Command",
    "id": "FIND-0007"
  },
  {
    "line": 13,
    "issue": "Improper Input Validation (raw STDIN)",
    "id": "FIND-0008",
    "type": "Pattern-Based",
    "cwe": "CWE-20",
    "severity": "Medium",
    "context": [
      {
        "code": "# \u00f0\u009f\u009a\u00a8 Path Traversal & File Access\n",
        "highlight": false,
        "number": 11
      },
      {
        "code": "print \"Which file to read?\\n\";\n",
        "number": 12,
        "highlight": false
      },
      {
        "code": "my $bad = <STDIN>;\n",
        "highlight": true,
        "number": 13
      },
      {
        "code": "open(FILE, \"<$bad\");  # UNSAFE\n",
        "highlight": false,
        "number": 14
      },
      {
        "code": "while (<FILE>) {\n",
        "number": 15,
        "highlight": false
      }
    ],
    "code": "my $bad = <STDIN>;",
    "owasp": "A03:2021-Injection",
    "file": "/home/kali/Documents/perl-sast-scanner/perlcode/test3.pl"
  },
  {
    "type": "Pattern-Based",
    "cwe": "CWE-73",
    "severity": "High",
    "owasp": "A05:2021-Security Misconfiguration",
    "code": "open(FILE, \"<$bad\");  # UNSAFE",
    "file": "/home/kali/Documents/perl-sast-scanner/perlcode/test3.pl",
    "context": [
      {
        "code": "print \"Which file to read?\\n\";\n",
        "number": 12,
        "highlight": false
      },
      {
        "code": "my $bad = <STDIN>;\n",
        "number": 13,
        "highlight": false
      },
      {
        "code": "open(FILE, \"<$bad\");  # UNSAFE\n",
        "highlight": true,
        "number": 14
      },
      {
        "code": "while (<FILE>) {\n",
        "number": 15,
        "highlight": false
      },
      {
        "number": 16,
        "highlight": false,
        "code": "    print;\n"
      }
    ],
    "line": 14,
    "id": "FIND-0009",
    "issue": "Direct File Access Based on User Input"
  },
  {
    "id": "FIND-0010",
    "issue": "Improper Input Validation (raw STDIN)",
    "line": 24,
    "owasp": "A03:2021-Injection",
    "code": "my $user_input = <STDIN>;",
    "file": "/home/kali/Documents/perl-sast-scanner/perlcode/test3.pl",
    "context": [
      {
        "code": "\n",
        "number": 22,
        "highlight": false
      },
      {
        "number": 23,
        "highlight": false,
        "code": "# \u00f0\u009f\u009a\u00a8 Insecure login\n"
      },
      {
        "highlight": true,
        "number": 24,
        "code": "my $user_input = <STDIN>;\n"
      },
      {
        "highlight": false,
        "number": 25,
        "code": "my $pass = <STDIN>;\n"
      },
      {
        "code": "if ($user_input eq \"admin\" && $pass eq \"password123\") {  # Hardcoded creds\n",
        "number": 26,
        "highlight": false
      }
    ],
    "type": "Pattern-Based",
    "cwe": "CWE-20",
    "severity": "Medium"
  },
  {
    "issue": "Improper Input Validation (raw STDIN)",
    "id": "FIND-0011",
    "line": 25,
    "context": [
      {
        "number": 23,
        "highlight": false,
        "code": "# \u00f0\u009f\u009a\u00a8 Insecure login\n"
      },
      {
        "code": "my $user_input = <STDIN>;\n",
        "number": 24,
        "highlight": false
      },
      {
        "highlight": true,
        "number": 25,
        "code": "my $pass = <STDIN>;\n"
      },
      {
        "highlight": false,
        "number": 26,
        "code": "if ($user_input eq \"admin\" && $pass eq \"password123\") {  # Hardcoded creds\n"
      },
      {
        "code": "    print \"Welcome admin\\n\";\n",
        "number": 27,
        "highlight": false
      }
    ],
    "owasp": "A03:2021-Injection",
    "file": "/home/kali/Documents/perl-sast-scanner/perlcode/test3.pl",
    "code": "my $pass = <STDIN>;",
    "severity": "Medium",
    "cwe": "CWE-20",
    "type": "Pattern-Based"
  }
]