[
  {
    "context": [
      {
        "highlight": false,
        "number": 3,
        "code": "use warnings;\n"
      },
      {
        "highlight": false,
        "code": "use CGI;\n",
        "number": 4
      },
      {
        "highlight": true,
        "number": 5,
        "code": "use Digest::MD5 qw(md5_hex);\n"
      },
      {
        "number": 6,
        "code": "use LWP::UserAgent;\n",
        "highlight": false
      },
      {
        "code": "use JSON;\n",
        "number": 7,
        "highlight": false
      }
    ],
    "id": "FIND-0001",
    "file": "/home/kali/Documents/perl-sast-scanner/perlcode/finaltest/complex.pl",
    "cwe": "",
    "issue": null,
    "line": 5,
    "owasp": "",
    "severity": "medium",
    "code": "use Digest::MD5 qw(md5_hex);",
    "type": "Pattern-Based"
  },
  {
    "context": [
      {
        "highlight": false,
        "code": "\n",
        "number": 21
      },
      {
        "number": 22,
        "code": "# \u00f0\u009f\u00a7\u0082 Hardcoded credentials\n",
        "highlight": false
      },
      {
        "highlight": true,
        "code": "my $api_key = \"apikey_super_secret\";\n",
        "number": 23
      },
      {
        "highlight": false,
        "code": "\n",
        "number": 24
      },
      {
        "code": "# \u00f0\u009f\u0092\u00be Plaintext password storage\n",
        "number": 25,
        "highlight": false
      }
    ],
    "file": "/home/kali/Documents/perl-sast-scanner/perlcode/finaltest/complex.pl",
    "id": "FIND-0002",
    "cwe": "",
    "issue": null,
    "line": 23,
    "owasp": "",
    "severity": "high",
    "code": "my $api_key = \"apikey_super_secret\";",
    "type": "Pattern-Based"
  },
  {
    "code": "print $db \"$user:$pass\\n\"; # CWE-256",
    "severity": "high",
    "type": "Pattern-Based",
    "issue": null,
    "owasp": "",
    "line": 27,
    "cwe": "",
    "id": "FIND-0003",
    "file": "/home/kali/Documents/perl-sast-scanner/perlcode/finaltest/complex.pl",
    "context": [
      {
        "number": 25,
        "code": "# \u00f0\u009f\u0092\u00be Plaintext password storage\n",
        "highlight": false
      },
      {
        "highlight": false,
        "code": "open my $db, '>>', \"users.txt\";\n",
        "number": 26
      },
      {
        "highlight": true,
        "code": "print $db \"$user:$pass\\n\"; # CWE-256\n",
        "number": 27
      },
      {
        "highlight": false,
        "code": "close $db;\n",
        "number": 28
      },
      {
        "highlight": false,
        "number": 29,
        "code": "\n"
      }
    ]
  },
  {
    "line": 31,
    "owasp": "",
    "issue": null,
    "type": "Pattern-Based",
    "severity": "high",
    "code": "my $output = `$cmd`;  # CWE-77",
    "context": [
      {
        "number": 29,
        "code": "\n",
        "highlight": false
      },
      {
        "number": 30,
        "code": "# \u00f0\u009f\u0092\u00a5 Command Injection via backticks\n",
        "highlight": false
      },
      {
        "highlight": true,
        "code": "my $output = `$cmd`;  # CWE-77\n",
        "number": 31
      },
      {
        "highlight": false,
        "code": "\n",
        "number": 32
      },
      {
        "highlight": false,
        "code": "# \u00f0\u009f\u0092\u00a5 Eval-based deserialization\n",
        "number": 33
      }
    ],
    "file": "/home/kali/Documents/perl-sast-scanner/perlcode/finaltest/complex.pl",
    "id": "FIND-0004",
    "cwe": ""
  },
  {
    "type": "Pattern-Based",
    "severity": "high",
    "code": "my $json = '{\"action\":\"run\",\"code\":\"system(\\\"ls\\\")\"}';",
    "line": 34,
    "owasp": "",
    "issue": null,
    "cwe": "",
    "context": [
      {
        "highlight": false,
        "number": 32,
        "code": "\n"
      },
      {
        "highlight": false,
        "code": "# \u00f0\u009f\u0092\u00a5 Eval-based deserialization\n",
        "number": 33
      },
      {
        "highlight": true,
        "number": 34,
        "code": "my $json = '{\"action\":\"run\",\"code\":\"system(\\\"ls\\\")\"}';\n"
      },
      {
        "highlight": false,
        "code": "my $parsed = decode_json($json);\n",
        "number": 35
      },
      {
        "highlight": false,
        "code": "my $code = $parsed->{code};\n",
        "number": 36
      }
    ],
    "id": "FIND-0005",
    "file": "/home/kali/Documents/perl-sast-scanner/perlcode/finaltest/complex.pl"
  },
  {
    "cwe": "",
    "context": [
      {
        "code": "my $parsed = decode_json($json);\n",
        "number": 35,
        "highlight": false
      },
      {
        "number": 36,
        "code": "my $code = $parsed->{code};\n",
        "highlight": false
      },
      {
        "code": "eval($code); # CWE-94 / CWE-95\n",
        "number": 37,
        "highlight": true
      },
      {
        "number": 38,
        "code": "\n",
        "highlight": false
      },
      {
        "highlight": false,
        "code": "# \u00f0\u009f\u0094\u0081 Race Condition\n",
        "number": 39
      }
    ],
    "file": "/home/kali/Documents/perl-sast-scanner/perlcode/finaltest/complex.pl",
    "id": "FIND-0006",
    "severity": "high",
    "code": "eval($code); # CWE-94 / CWE-95",
    "type": "Pattern-Based",
    "issue": null,
    "line": 37,
    "owasp": ""
  },
  {
    "cwe": "",
    "context": [
      {
        "highlight": false,
        "number": 38,
        "code": "\n"
      },
      {
        "code": "# \u00f0\u009f\u0094\u0081 Race Condition\n",
        "number": 39,
        "highlight": false
      },
      {
        "highlight": true,
        "code": "if (fork() == 0) {\n",
        "number": 40
      },
      {
        "code": "    open my $shared, \">>\", \"race_file.txt\";\n",
        "number": 41,
        "highlight": false
      },
      {
        "code": "    print $shared \"child writing...\\n\";\n",
        "number": 42,
        "highlight": false
      }
    ],
    "id": "FIND-0007",
    "file": "/home/kali/Documents/perl-sast-scanner/perlcode/finaltest/complex.pl",
    "severity": "medium",
    "code": "if (fork() == 0) {",
    "type": "Pattern-Based",
    "issue": null,
    "line": 40,
    "owasp": ""
  },
  {
    "context": [
      {
        "number": 46,
        "code": "\n",
        "highlight": false
      },
      {
        "number": 47,
        "code": "# \u00e2\u009d\u0097 Missing CSRF Token in form\n",
        "highlight": false
      },
      {
        "highlight": true,
        "number": 48,
        "code": "print \"<form method='POST' action='/submit'>Name: <input name='name'></form>\"; # CWE-352\n"
      },
      {
        "code": "\n",
        "number": 49,
        "highlight": false
      },
      {
        "highlight": false,
        "code": "# \u00f0\u009f\u0098\u00ac Weak Random\n",
        "number": 50
      }
    ],
    "file": "/home/kali/Documents/perl-sast-scanner/perlcode/finaltest/complex.pl",
    "id": "FIND-0008",
    "cwe": "",
    "line": 48,
    "owasp": "",
    "issue": null,
    "type": "Pattern-Based",
    "severity": "high",
    "code": "print \"<form method='POST' action='/submit'>Name: <input name='name'></form>\"; # CWE-352"
  },
  {
    "issue": null,
    "owasp": "",
    "line": 51,
    "code": "my $token = int(rand(10000));",
    "severity": "medium",
    "type": "Pattern-Based",
    "file": "/home/kali/Documents/perl-sast-scanner/perlcode/finaltest/complex.pl",
    "id": "FIND-0009",
    "context": [
      {
        "highlight": false,
        "code": "\n",
        "number": 49
      },
      {
        "highlight": false,
        "code": "# \u00f0\u009f\u0098\u00ac Weak Random\n",
        "number": 50
      },
      {
        "code": "my $token = int(rand(10000));\n",
        "number": 51,
        "highlight": true
      },
      {
        "number": 52,
        "code": "\n",
        "highlight": false
      },
      {
        "number": 53,
        "code": "# \u00f0\u009f\u009a\u00a8 Use of MD5\n",
        "highlight": false
      }
    ],
    "cwe": ""
  },
  {
    "cwe": "",
    "context": [
      {
        "highlight": false,
        "code": "\n",
        "number": 52
      },
      {
        "highlight": false,
        "number": 53,
        "code": "# \u00f0\u009f\u009a\u00a8 Use of MD5\n"
      },
      {
        "code": "my $digest = md5_hex($pass);\n",
        "number": 54,
        "highlight": true
      },
      {
        "code": "\n",
        "number": 55,
        "highlight": false
      },
      {
        "highlight": false,
        "number": 56,
        "code": "# \u00f0\u009f\u0090\u008d SSRF via LWP::UserAgent\n"
      }
    ],
    "id": "FIND-0010",
    "file": "/home/kali/Documents/perl-sast-scanner/perlcode/finaltest/complex.pl",
    "type": "Pattern-Based",
    "severity": "medium",
    "code": "my $digest = md5_hex($pass);",
    "line": 54,
    "owasp": "",
    "issue": null
  },
  {
    "context": [
      {
        "highlight": false,
        "code": "my $substr = substr($pass, -999, 200); # CWE-119\n",
        "number": 64
      },
      {
        "number": 65,
        "code": "\n",
        "highlight": false
      },
      {
        "highlight": true,
        "number": 66,
        "code": "# \u00f0\u009f\u00a7\u00a8 chmod 777\n"
      },
      {
        "highlight": false,
        "number": 67,
        "code": "chmod 0777, \"config.pl\"; # CWE-276\n"
      },
      {
        "highlight": false,
        "code": "\n",
        "number": 68
      }
    ],
    "file": "/home/kali/Documents/perl-sast-scanner/perlcode/finaltest/complex.pl",
    "id": "FIND-0011",
    "cwe": "",
    "issue": null,
    "line": 66,
    "owasp": "",
    "severity": "high",
    "code": "# \u00f0\u009f\u00a7\u00a8 chmod 777",
    "type": "Pattern-Based"
  },
  {
    "cwe": "",
    "context": [
      {
        "number": 65,
        "code": "\n",
        "highlight": false
      },
      {
        "highlight": false,
        "code": "# \u00f0\u009f\u00a7\u00a8 chmod 777\n",
        "number": 66
      },
      {
        "number": 67,
        "code": "chmod 0777, \"config.pl\"; # CWE-276\n",
        "highlight": true
      },
      {
        "highlight": false,
        "number": 68,
        "code": "\n"
      },
      {
        "code": "# \u00f0\u009f\u0092\u00a5 Insecure temp file\n",
        "number": 69,
        "highlight": false
      }
    ],
    "file": "/home/kali/Documents/perl-sast-scanner/perlcode/finaltest/complex.pl",
    "id": "FIND-0012",
    "severity": "high",
    "code": "chmod 0777, \"config.pl\"; # CWE-276",
    "type": "Pattern-Based",
    "issue": null,
    "line": 67,
    "owasp": ""
  },
  {
    "cwe": "",
    "context": [
      {
        "code": "\n",
        "number": 68,
        "highlight": false
      },
      {
        "highlight": false,
        "number": 69,
        "code": "# \u00f0\u009f\u0092\u00a5 Insecure temp file\n"
      },
      {
        "number": 70,
        "code": "my $temp = tmpnam();\n",
        "highlight": true
      },
      {
        "highlight": false,
        "code": "open my $tmp, '>', $temp;\n",
        "number": 71
      },
      {
        "number": 72,
        "code": "print $tmp \"temp content\";\n",
        "highlight": false
      }
    ],
    "id": "FIND-0013",
    "file": "/home/kali/Documents/perl-sast-scanner/perlcode/finaltest/complex.pl",
    "type": "Pattern-Based",
    "severity": "medium",
    "code": "my $temp = tmpnam();",
    "line": 70,
    "owasp": "",
    "issue": null
  },
  {
    "cwe": "",
    "context": [
      {
        "highlight": false,
        "number": 74,
        "code": "\n"
      },
      {
        "code": "# \u00f0\u009f\u00a4\u00a1 Fake validation logic\n",
        "number": 75,
        "highlight": false
      },
      {
        "highlight": true,
        "code": "sub validate {\n",
        "number": 76
      },
      {
        "code": "    my ($input) = @_;\n",
        "number": 77,
        "highlight": false
      },
      {
        "number": 78,
        "code": "    return 1 if $input =~ /.*admin.*/;  # CWE-1333: Weak Regex\n",
        "highlight": false
      }
    ],
    "id": "FIND-0014",
    "file": "/home/kali/Documents/perl-sast-scanner/perlcode/finaltest/complex.pl",
    "severity": "low",
    "code": "sub validate {",
    "type": "Pattern-Based",
    "issue": null,
    "line": 76,
    "owasp": ""
  },
  {
    "severity": "low",
    "code": "sub validate {",
    "type": "Structural",
    "issue": "Suspicious Subroutine \u00c3\u00a2\u00c2\u0080\u00c2\u0093 No Auth/Validation",
    "line": 76,
    "owasp": "A07:2021-Identification and Authentication Failures",
    "cwe": "CWE-778",
    "context": [
      {
        "number": 74,
        "code": "\n",
        "highlight": false
      },
      {
        "code": "# \u00f0\u009f\u00a4\u00a1 Fake validation logic\n",
        "number": 75,
        "highlight": false
      },
      {
        "code": "sub validate {\n",
        "number": 76,
        "highlight": true
      },
      {
        "highlight": false,
        "number": 77,
        "code": "    my ($input) = @_;\n"
      },
      {
        "highlight": false,
        "code": "    return 1 if $input =~ /.*admin.*/;  # CWE-1333: Weak Regex\n",
        "number": 78
      }
    ],
    "file": "/home/kali/Documents/perl-sast-scanner/perlcode/finaltest/complex.pl",
    "id": "FIND-0015"
  },
  {
    "file": "/home/kali/Documents/perl-sast-scanner/perlcode/finaltest/complex.pl",
    "id": "FIND-0016",
    "context": [
      {
        "highlight": false,
        "number": 76,
        "code": "sub validate {\n"
      },
      {
        "code": "    my ($input) = @_;\n",
        "number": 77,
        "highlight": false
      },
      {
        "highlight": true,
        "code": "    return 1 if $input =~ /.*admin.*/;  # CWE-1333: Weak Regex\n",
        "number": 78
      },
      {
        "highlight": false,
        "number": 79,
        "code": "    return 0;\n"
      },
      {
        "number": 80,
        "code": "}\n",
        "highlight": false
      }
    ],
    "cwe": "",
    "issue": null,
    "owasp": "",
    "line": 78,
    "code": "    return 1 if $input =~ /.*admin.*/;  # CWE-1333: Weak Regex",
    "severity": "low",
    "type": "Pattern-Based"
  },
  {
    "cwe": "",
    "id": "FIND-0017",
    "file": "/home/kali/Documents/perl-sast-scanner/perlcode/finaltest/blatant.pl",
    "context": [
      {
        "highlight": false,
        "code": "use CGI;\n",
        "number": 4
      },
      {
        "highlight": false,
        "code": "use LWP::UserAgent;\n",
        "number": 5
      },
      {
        "code": "use Digest::MD5 qw(md5_hex);               # CWE-327: Use of MD5\n",
        "number": 6,
        "highlight": true
      },
      {
        "number": 7,
        "code": "use Data::Dumper;                          # CWE-117: Debug Module Enabled\n",
        "highlight": false
      },
      {
        "highlight": false,
        "number": 8,
        "code": "use Crypt::DES;                            # CWE-327: Weak Cipher\n"
      }
    ],
    "type": "Pattern-Based",
    "code": "use Digest::MD5 qw(md5_hex);               # CWE-327: Use of MD5",
    "severity": "medium",
    "owasp": "",
    "line": 6,
    "issue": null
  },
  {
    "issue": null,
    "line": 8,
    "owasp": "",
    "severity": "high",
    "code": "use Crypt::DES;                            # CWE-327: Weak Cipher",
    "type": "Pattern-Based",
    "context": [
      {
        "number": 6,
        "code": "use Digest::MD5 qw(md5_hex);               # CWE-327: Use of MD5\n",
        "highlight": false
      },
      {
        "highlight": false,
        "number": 7,
        "code": "use Data::Dumper;                          # CWE-117: Debug Module Enabled\n"
      },
      {
        "highlight": true,
        "code": "use Crypt::DES;                            # CWE-327: Weak Cipher\n",
        "number": 8
      },
      {
        "highlight": false,
        "code": "use JSON;\n",
        "number": 9
      },
      {
        "number": 10,
        "code": "use Fcntl qw(:DEFAULT :flock);\n",
        "highlight": false
      }
    ],
    "id": "FIND-0018",
    "file": "/home/kali/Documents/perl-sast-scanner/perlcode/finaltest/blatant.pl",
    "cwe": ""
  },
  {
    "type": "Pattern-Based",
    "code": "my $admin_password = \"SuperSecret123\";",
    "severity": "high",
    "owasp": "",
    "line": 14,
    "issue": null,
    "cwe": "",
    "file": "/home/kali/Documents/perl-sast-scanner/perlcode/finaltest/blatant.pl",
    "id": "FIND-0019",
    "context": [
      {
        "number": 12,
        "code": "\n",
        "highlight": false
      },
      {
        "highlight": false,
        "code": "# CWE-798: Hardcoded credentials\n",
        "number": 13
      },
      {
        "code": "my $admin_password = \"SuperSecret123\";\n",
        "number": 14,
        "highlight": true
      },
      {
        "highlight": false,
        "code": "my $api_key = \"apikey12345678\";\n",
        "number": 15
      },
      {
        "highlight": false,
        "number": 16,
        "code": "\n"
      }
    ]
  },
  {
    "severity": "high",
    "code": "my $api_key = \"apikey12345678\";",
    "type": "Pattern-Based",
    "issue": null,
    "line": 15,
    "owasp": "",
    "cwe": "",
    "context": [
      {
        "code": "# CWE-798: Hardcoded credentials\n",
        "number": 13,
        "highlight": false
      },
      {
        "highlight": false,
        "number": 14,
        "code": "my $admin_password = \"SuperSecret123\";\n"
      },
      {
        "highlight": true,
        "number": 15,
        "code": "my $api_key = \"apikey12345678\";\n"
      },
      {
        "code": "\n",
        "number": 16,
        "highlight": false
      },
      {
        "highlight": false,
        "code": "# CWE-538: Exposed config file\n",
        "number": 17
      }
    ],
    "id": "FIND-0020",
    "file": "/home/kali/Documents/perl-sast-scanner/perlcode/finaltest/blatant.pl"
  },
  {
    "id": "FIND-0021",
    "file": "/home/kali/Documents/perl-sast-scanner/perlcode/finaltest/blatant.pl",
    "context": [
      {
        "highlight": false,
        "number": 16,
        "code": "\n"
      },
      {
        "highlight": false,
        "code": "# CWE-538: Exposed config file\n",
        "number": 17
      },
      {
        "highlight": true,
        "code": "require \"./config.pl\";\n",
        "number": 18
      },
      {
        "highlight": false,
        "code": "\n",
        "number": 19
      },
      {
        "highlight": false,
        "code": "# User input sources\n",
        "number": 20
      }
    ],
    "cwe": "",
    "issue": null,
    "owasp": "",
    "line": 18,
    "code": "require \"./config.pl\";",
    "severity": "high",
    "type": "Pattern-Based"
  },
  {
    "owasp": "A09:2021-Logging and Monitoring Failures",
    "line": 29,
    "issue": "Eval Block \u00c3\u00a2\u00c2\u0080\u00c2\u0093 No Error Handling",
    "type": "Structural",
    "code": "eval {",
    "severity": "medium",
    "file": "/home/kali/Documents/perl-sast-scanner/perlcode/finaltest/blatant.pl",
    "id": "FIND-0022",
    "context": [
      {
        "highlight": false,
        "code": "\n",
        "number": 27
      },
      {
        "code": "# CWE-703: Improper Exception Handling\n",
        "number": 28,
        "highlight": false
      },
      {
        "highlight": true,
        "number": 29,
        "code": "eval {\n"
      },
      {
        "highlight": false,
        "code": "    my $risky = risky_function($input);\n",
        "number": 30
      },
      {
        "highlight": false,
        "code": "};\n",
        "number": 31
      }
    ],
    "cwe": "CWE-703"
  },
  {
    "cwe": "",
    "id": "FIND-0023",
    "file": "/home/kali/Documents/perl-sast-scanner/perlcode/finaltest/blatant.pl",
    "context": [
      {
        "highlight": false,
        "code": "# CWE-476: NULL Dereference\n",
        "number": 33
      },
      {
        "number": 34,
        "code": "my $undef_var;\n",
        "highlight": false
      },
      {
        "code": "print length($undef_var);                  # Null deref risk\n",
        "number": 35,
        "highlight": true
      },
      {
        "code": "\n",
        "number": 36,
        "highlight": false
      },
      {
        "code": "# CWE-190: Integer overflow\n",
        "number": 37,
        "highlight": false
      }
    ],
    "code": "print length($undef_var);                  # Null deref risk",
    "severity": "low",
    "type": "Pattern-Based",
    "issue": null,
    "owasp": "",
    "line": 35
  },
  {
    "cwe": "",
    "id": "FIND-0024",
    "file": "/home/kali/Documents/perl-sast-scanner/perlcode/finaltest/blatant.pl",
    "context": [
      {
        "highlight": false,
        "number": 45,
        "code": "\n"
      },
      {
        "highlight": false,
        "number": 46,
        "code": "# CWE-77: Command Injection via backticks\n"
      },
      {
        "highlight": true,
        "code": "my $result = `$cmd`;                       # Dangerous if $cmd is not validated\n",
        "number": 47
      },
      {
        "highlight": false,
        "code": "\n",
        "number": 48
      },
      {
        "number": 49,
        "code": "# CWE-78: Unescaped user input in command\n",
        "highlight": false
      }
    ],
    "type": "Pattern-Based",
    "code": "my $result = `$cmd`;                       # Dangerous if $cmd is not validated",
    "severity": "high",
    "owasp": "",
    "line": 47,
    "issue": null
  },
  {
    "issue": null,
    "line": 50,
    "owasp": "",
    "severity": "high",
    "code": "system(\"ping $input\");",
    "type": "Pattern-Based",
    "context": [
      {
        "highlight": false,
        "number": 48,
        "code": "\n"
      },
      {
        "number": 49,
        "code": "# CWE-78: Unescaped user input in command\n",
        "highlight": false
      },
      {
        "code": "system(\"ping $input\");\n",
        "number": 50,
        "highlight": true
      },
      {
        "highlight": false,
        "code": "\n",
        "number": 51
      },
      {
        "number": 52,
        "code": "# CWE-73 + CWE-22: Direct file access + Path traversal\n",
        "highlight": false
      }
    ],
    "id": "FIND-0025",
    "file": "/home/kali/Documents/perl-sast-scanner/perlcode/finaltest/blatant.pl",
    "cwe": ""
  },
  {
    "type": "Structural",
    "code": "open(my $fh, \"<\", $file) or die \"Can't open $file\";",
    "severity": "medium",
    "owasp": "A05:2021-Security Misconfiguration",
    "line": 53,
    "issue": "Insecure File Open \u00c3\u00a2\u00c2\u0080\u00c2\u0093 Path from Variable",
    "cwe": "CWE-73",
    "file": "/home/kali/Documents/perl-sast-scanner/perlcode/finaltest/blatant.pl",
    "id": "FIND-0026",
    "context": [
      {
        "highlight": false,
        "number": 51,
        "code": "\n"
      },
      {
        "number": 52,
        "code": "# CWE-73 + CWE-22: Direct file access + Path traversal\n",
        "highlight": false
      },
      {
        "highlight": true,
        "number": 53,
        "code": "open(my $fh, \"<\", $file) or die \"Can't open $file\";\n"
      },
      {
        "highlight": false,
        "number": 54,
        "code": "\n"
      },
      {
        "code": "# CWE-434: Unrestricted File Upload\n",
        "number": 55,
        "highlight": false
      }
    ]
  },
  {
    "issue": null,
    "owasp": "",
    "line": 59,
    "code": "eval($input);",
    "severity": "high",
    "type": "Pattern-Based",
    "file": "/home/kali/Documents/perl-sast-scanner/perlcode/finaltest/blatant.pl",
    "id": "FIND-0027",
    "context": [
      {
        "highlight": false,
        "code": "\n",
        "number": 57
      },
      {
        "highlight": false,
        "number": 58,
        "code": "# CWE-94 + CWE-95: Eval from input\n"
      },
      {
        "code": "eval($input);\n",
        "number": 59,
        "highlight": true
      },
      {
        "highlight": false,
        "number": 60,
        "code": "\n"
      },
      {
        "number": 61,
        "code": "# CWE-502: Deserialization of untrusted data\n",
        "highlight": false
      }
    ],
    "cwe": ""
  },
  {
    "type": "Pattern-Based",
    "severity": "low",
    "code": "my $decoded = eval { decode_json($json) };  # No validation",
    "line": 63,
    "owasp": "",
    "issue": null,
    "cwe": "",
    "context": [
      {
        "highlight": false,
        "number": 61,
        "code": "# CWE-502: Deserialization of untrusted data\n"
      },
      {
        "number": 62,
        "code": "my $json = $q->param('json');\n",
        "highlight": false
      },
      {
        "number": 63,
        "code": "my $decoded = eval { decode_json($json) };  # No validation\n",
        "highlight": true
      },
      {
        "highlight": false,
        "code": "\n",
        "number": 64
      },
      {
        "code": "# CWE-601: Unvalidated Redirect\n",
        "number": 65,
        "highlight": false
      }
    ],
    "id": "FIND-0028",
    "file": "/home/kali/Documents/perl-sast-scanner/perlcode/finaltest/blatant.pl"
  },
  {
    "severity": "high",
    "code": "chmod(0777, \"./sensitive.txt\");",
    "type": "Pattern-Based",
    "issue": null,
    "line": 85,
    "owasp": "",
    "cwe": "",
    "context": [
      {
        "code": "\n",
        "number": 83,
        "highlight": false
      },
      {
        "highlight": false,
        "number": 84,
        "code": "# CWE-276: Incorrect permissions\n"
      },
      {
        "highlight": true,
        "number": 85,
        "code": "chmod(0777, \"./sensitive.txt\");\n"
      },
      {
        "code": "\n",
        "number": 86,
        "highlight": false
      },
      {
        "highlight": false,
        "number": 87,
        "code": "# CWE-276: Permissive umask\n"
      }
    ],
    "file": "/home/kali/Documents/perl-sast-scanner/perlcode/finaltest/blatant.pl",
    "id": "FIND-0029"
  },
  {
    "line": 88,
    "owasp": "",
    "issue": null,
    "type": "Pattern-Based",
    "severity": "high",
    "code": "umask(0000);",
    "context": [
      {
        "number": 86,
        "code": "\n",
        "highlight": false
      },
      {
        "code": "# CWE-276: Permissive umask\n",
        "number": 87,
        "highlight": false
      },
      {
        "highlight": true,
        "number": 88,
        "code": "umask(0000);\n"
      },
      {
        "highlight": false,
        "number": 89,
        "code": "\n"
      },
      {
        "code": "# CWE-256: Plaintext credential storage\n",
        "number": 90,
        "highlight": false
      }
    ],
    "id": "FIND-0030",
    "file": "/home/kali/Documents/perl-sast-scanner/perlcode/finaltest/blatant.pl",
    "cwe": ""
  },
  {
    "context": [
      {
        "number": 92,
        "code": "\n",
        "highlight": false
      },
      {
        "code": "# CWE-778: Missing auth logs\n",
        "number": 93,
        "highlight": false
      },
      {
        "highlight": true,
        "number": 94,
        "code": "sub login {\n"
      },
      {
        "highlight": false,
        "number": 95,
        "code": "    print \"Login logic here\\n\";           # No logging\n"
      },
      {
        "highlight": false,
        "code": "}\n",
        "number": 96
      }
    ],
    "file": "/home/kali/Documents/perl-sast-scanner/perlcode/finaltest/blatant.pl",
    "id": "FIND-0031",
    "cwe": "",
    "issue": null,
    "line": 94,
    "owasp": "",
    "severity": "low",
    "code": "sub login {",
    "type": "Pattern-Based"
  },
  {
    "cwe": "",
    "file": "/home/kali/Documents/perl-sast-scanner/perlcode/finaltest/blatant.pl",
    "id": "FIND-0032",
    "context": [
      {
        "highlight": false,
        "number": 100,
        "code": "\n"
      },
      {
        "code": "# CWE-116: XSS from output\n",
        "number": 101,
        "highlight": false
      },
      {
        "highlight": true,
        "code": "print $q->param(\"name\");                  # No HTML escaping\n",
        "number": 102
      },
      {
        "code": "\n",
        "number": 103,
        "highlight": false
      },
      {
        "number": 104,
        "code": "# CWE-117: Improper neutralization in logs\n",
        "highlight": false
      }
    ],
    "code": "print $q->param(\"name\");                  # No HTML escaping",
    "severity": "high",
    "type": "Pattern-Based",
    "issue": null,
    "owasp": "",
    "line": 102
  },
  {
    "cwe": "",
    "context": [
      {
        "number": 100,
        "code": "\n",
        "highlight": false
      },
      {
        "code": "# CWE-116: XSS from output\n",
        "number": 101,
        "highlight": false
      },
      {
        "highlight": true,
        "code": "print $q->param(\"name\");                  # No HTML escaping\n",
        "number": 102
      },
      {
        "highlight": false,
        "number": 103,
        "code": "\n"
      },
      {
        "highlight": false,
        "code": "# CWE-117: Improper neutralization in logs\n",
        "number": 104
      }
    ],
    "id": "FIND-0033",
    "file": "/home/kali/Documents/perl-sast-scanner/perlcode/finaltest/blatant.pl",
    "severity": "medium",
    "code": "print $q->param(\"name\");                  # No HTML escaping",
    "type": "Pattern-Based",
    "issue": null,
    "line": 102,
    "owasp": ""
  },
  {
    "issue": null,
    "line": 109,
    "owasp": "",
    "severity": "medium",
    "code": "my $tmp = tmpnam();",
    "type": "Pattern-Based",
    "context": [
      {
        "number": 107,
        "code": "\n",
        "highlight": false
      },
      {
        "code": "# CWE-377: Insecure temporary file creation\n",
        "number": 108,
        "highlight": false
      },
      {
        "highlight": true,
        "number": 109,
        "code": "my $tmp = tmpnam();\n"
      },
      {
        "code": "open my $tfh, \">\", $tmp;\n",
        "number": 110,
        "highlight": false
      },
      {
        "code": "\n",
        "number": 111,
        "highlight": false
      }
    ],
    "id": "FIND-0034",
    "file": "/home/kali/Documents/perl-sast-scanner/perlcode/finaltest/blatant.pl",
    "cwe": ""
  },
  {
    "type": "Pattern-Based",
    "code": "if (fork() == 0) {",
    "severity": "medium",
    "owasp": "",
    "line": 113,
    "issue": null,
    "cwe": "",
    "id": "FIND-0035",
    "file": "/home/kali/Documents/perl-sast-scanner/perlcode/finaltest/blatant.pl",
    "context": [
      {
        "highlight": false,
        "code": "\n",
        "number": 111
      },
      {
        "number": 112,
        "code": "# CWE-362: Race condition\n",
        "highlight": false
      },
      {
        "code": "if (fork() == 0) {\n",
        "number": 113,
        "highlight": true
      },
      {
        "number": 114,
        "code": "    print \"Child process doing stuff\\n\";\n",
        "highlight": false
      },
      {
        "highlight": false,
        "code": "    exit;\n",
        "number": 115
      }
    ]
  },
  {
    "issue": null,
    "owasp": "",
    "line": 119,
    "code": "my $digest = md5_hex($pass);",
    "severity": "medium",
    "type": "Pattern-Based",
    "id": "FIND-0036",
    "file": "/home/kali/Documents/perl-sast-scanner/perlcode/finaltest/blatant.pl",
    "context": [
      {
        "code": "\n",
        "number": 117,
        "highlight": false
      },
      {
        "code": "# CWE-327: Use of MD5\n",
        "number": 118,
        "highlight": false
      },
      {
        "highlight": true,
        "code": "my $digest = md5_hex($pass);\n",
        "number": 119
      },
      {
        "highlight": false,
        "number": 120,
        "code": "\n"
      },
      {
        "number": 121,
        "code": "# CWE-338: Weak random number\n",
        "highlight": false
      }
    ],
    "cwe": ""
  },
  {
    "cwe": "",
    "context": [
      {
        "number": 120,
        "code": "\n",
        "highlight": false
      },
      {
        "highlight": false,
        "number": 121,
        "code": "# CWE-338: Weak random number\n"
      },
      {
        "code": "my $token = int(rand(1000000));\n",
        "number": 122,
        "highlight": true
      },
      {
        "code": "\n",
        "number": 123,
        "highlight": false
      },
      {
        "highlight": false,
        "number": 124,
        "code": "# CWE-1333: Weak input regex\n"
      }
    ],
    "file": "/home/kali/Documents/perl-sast-scanner/perlcode/finaltest/blatant.pl",
    "id": "FIND-0037",
    "severity": "medium",
    "code": "my $token = int(rand(1000000));",
    "type": "Pattern-Based",
    "issue": null,
    "line": 122,
    "owasp": ""
  },
  {
    "cwe": "",
    "context": [
      {
        "highlight": false,
        "code": "\n",
        "number": 128
      },
      {
        "highlight": false,
        "number": 129,
        "code": "# CWE-352: Missing CSRF token\n"
      },
      {
        "highlight": true,
        "number": 130,
        "code": "print \"<form action='/submit' method='POST'>\";  # No CSRF token\n"
      },
      {
        "highlight": false,
        "number": 131,
        "code": "print \"<input name='data'>\";\n"
      },
      {
        "highlight": false,
        "code": "print \"</form>\";\n",
        "number": 132
      }
    ],
    "file": "/home/kali/Documents/perl-sast-scanner/perlcode/finaltest/blatant.pl",
    "id": "FIND-0038",
    "type": "Pattern-Based",
    "severity": "high",
    "code": "print \"<form action='/submit' method='POST'>\";  # No CSRF token",
    "line": 130,
    "owasp": "",
    "issue": null
  },
  {
    "id": "FIND-0039",
    "file": "/home/kali/Documents/perl-sast-scanner/perlcode/finaltest/blatant.pl",
    "context": [
      {
        "highlight": false,
        "number": 154,
        "code": "}\n"
      },
      {
        "highlight": false,
        "code": "\n",
        "number": 155
      },
      {
        "code": "sub risky_function {\n",
        "number": 156,
        "highlight": true
      },
      {
        "highlight": false,
        "code": "    return $_[0] * 2;\n",
        "number": 157
      },
      {
        "code": "}\n",
        "number": 158,
        "highlight": false
      }
    ],
    "cwe": "CWE-778",
    "owasp": "A07:2021-Identification and Authentication Failures",
    "line": 156,
    "issue": "Suspicious Subroutine \u00c3\u00a2\u00c2\u0080\u00c2\u0093 No Auth/Validation",
    "type": "Structural",
    "code": "sub risky_function {",
    "severity": "low"
  },
  {
    "issue": null,
    "line": 160,
    "owasp": "",
    "severity": "low",
    "code": "sub store {",
    "type": "Pattern-Based",
    "context": [
      {
        "number": 158,
        "code": "}\n",
        "highlight": false
      },
      {
        "code": "\n",
        "number": 159,
        "highlight": false
      },
      {
        "code": "sub store {\n",
        "number": 160,
        "highlight": true
      },
      {
        "number": 161,
        "code": "    my ($u, $p) = @_;\n",
        "highlight": false
      },
      {
        "code": "    open my $db, \">>\", \"users.txt\";\n",
        "number": 162,
        "highlight": false
      }
    ],
    "file": "/home/kali/Documents/perl-sast-scanner/perlcode/finaltest/blatant.pl",
    "id": "FIND-0040",
    "cwe": ""
  },
  {
    "owasp": "A07:2021-Identification and Authentication Failures",
    "line": 160,
    "issue": "Suspicious Subroutine \u00c3\u00a2\u00c2\u0080\u00c2\u0093 No Auth/Validation",
    "type": "Structural",
    "code": "sub store {",
    "severity": "low",
    "file": "/home/kali/Documents/perl-sast-scanner/perlcode/finaltest/blatant.pl",
    "id": "FIND-0041",
    "context": [
      {
        "highlight": false,
        "code": "}\n",
        "number": 158
      },
      {
        "highlight": false,
        "code": "\n",
        "number": 159
      },
      {
        "highlight": true,
        "code": "sub store {\n",
        "number": 160
      },
      {
        "highlight": false,
        "number": 161,
        "code": "    my ($u, $p) = @_;\n"
      },
      {
        "highlight": false,
        "number": 162,
        "code": "    open my $db, \">>\", \"users.txt\";\n"
      }
    ],
    "cwe": "CWE-778"
  }
]