[{"severity":"medium","cwe":"CWE-327","code":"use Digest::MD5 qw(md5_hex);","file":"/home/kali/Documents/perl-sast-scanner/perlcode/finaltest/complex.pl","id":"FIND-0001","line":5,"issue":"Use of MD5","owasp":"A02:2021-Cryptographic Failures","context":[{"code":"use warnings;\n","number":3,"highlight":false},{"highlight":false,"number":4,"code":"use CGI;\n"},{"number":5,"highlight":true,"code":"use Digest::MD5 qw(md5_hex);\n"},{"code":"use LWP::UserAgent;\n","number":6,"highlight":false},{"number":7,"highlight":false,"code":"use JSON;\n"}],"type":"Pattern-Based"},{"context":[{"code":"# Simulate CGI input\n","highlight":false,"number":10},{"highlight":false,"number":11,"code":"my $q = CGI->new();\n"},{"code":"my $user = $q->param(\"user\");\n","highlight":true,"number":12},{"code":"my $pass = $q->param(\"pass\");\n","number":13,"highlight":false},{"code":"my $cmd  = $q->param(\"cmd\");\n","highlight":false,"number":14}],"owasp":"A03:2021-Injection","issue":"Assignment of param() to Code Path Without Sanitization","type":"Pattern-Based","file":"/home/kali/Documents/perl-sast-scanner/perlcode/finaltest/complex.pl","severity":"medium","cwe":"CWE-116","code":"my $user = $q->param(\"user\");","id":"FIND-0002","line":12},{"id":"FIND-0003","line":13,"file":"/home/kali/Documents/perl-sast-scanner/perlcode/finaltest/complex.pl","severity":"medium","cwe":"CWE-116","code":"my $pass = $q->param(\"pass\");","type":"Pattern-Based","context":[{"code":"my $q = CGI->new();\n","highlight":false,"number":11},{"code":"my $user = $q->param(\"user\");\n","highlight":false,"number":12},{"highlight":true,"number":13,"code":"my $pass = $q->param(\"pass\");\n"},{"code":"my $cmd  = $q->param(\"cmd\");\n","number":14,"highlight":false},{"highlight":false,"number":15,"code":"my $redir = $q->param(\"next\");\n"}],"issue":"Assignment of param() to Code Path Without Sanitization","owasp":"A03:2021-Injection"},{"context":[{"code":"my $user = $q->param(\"user\");\n","highlight":false,"number":12},{"code":"my $pass = $q->param(\"pass\");\n","highlight":false,"number":13},{"code":"my $cmd  = $q->param(\"cmd\");\n","number":14,"highlight":true},{"code":"my $redir = $q->param(\"next\");\n","highlight":false,"number":15},{"number":16,"highlight":false,"code":"\n"}],"owasp":"A03:2021-Injection","issue":"Assignment of param() to Code Path Without Sanitization","type":"Pattern-Based","file":"/home/kali/Documents/perl-sast-scanner/perlcode/finaltest/complex.pl","severity":"medium","cwe":"CWE-116","code":"my $cmd  = $q->param(\"cmd\");","line":14,"id":"FIND-0004"},{"line":15,"id":"FIND-0005","file":"/home/kali/Documents/perl-sast-scanner/perlcode/finaltest/complex.pl","severity":"medium","cwe":"CWE-116","code":"my $redir = $q->param(\"next\");","type":"Pattern-Based","context":[{"highlight":false,"number":13,"code":"my $pass = $q->param(\"pass\");\n"},{"code":"my $cmd  = $q->param(\"cmd\");\n","number":14,"highlight":false},{"number":15,"highlight":true,"code":"my $redir = $q->param(\"next\");\n"},{"code":"\n","highlight":false,"number":16},{"number":17,"highlight":false,"code":"# ð Broken Authentication (no password check)\n"}],"owasp":"A03:2021-Injection","issue":"Assignment of param() to Code Path Without Sanitization"},{"type":"Pattern-Based","issue":"No Input Validation Logic Present","owasp":"A04:2021-Insecure Design","context":[{"number":16,"highlight":false,"code":"\n"},{"code":"# ð Broken Authentication (no password check)\n","number":17,"highlight":false},{"number":18,"highlight":true,"code":"if ($user eq 'admin') {\n"},{"code":"    print \"Welcome, admin\\n\";\n","highlight":false,"number":19},{"highlight":false,"number":20,"code":"}\n"}],"id":"FIND-0006","line":18,"severity":"low","cwe":"CWE-20","code":"if ($user eq 'admin') {","file":"/home/kali/Documents/perl-sast-scanner/perlcode/finaltest/complex.pl"},{"severity":"high","file":"/home/kali/Documents/perl-sast-scanner/perlcode/finaltest/complex.pl","sink":"open","owasp":"A05:2021-Security Misconfiguration","context":[{"highlight":false,"number":24,"code":"\n"},{"code":"# ð¾ Plaintext password storage\n","highlight":false,"number":25},{"code":"open my $db, '>>', \"users.txt\";\n","number":26,"highlight":true},{"code":"print $db \"$user:$pass\\n\"; # CWE-256\n","number":27,"highlight":false},{"code":"close $db;\n","number":28,"highlight":false}],"line":26,"id":"FIND-0007","variable":"$db","code":"open my $db, '>>', \"users.txt\";","cwe":"CWE-22","type":"Taint-Based","issue":"Path Traversal via open()","source":"param"},{"file":"/home/kali/Documents/perl-sast-scanner/perlcode/finaltest/complex.pl","code":"print $db \"$user:$pass\\n\"; # CWE-256","severity":"medium","cwe":"CWE-522","id":"FIND-0008","line":27,"context":[{"number":25,"highlight":false,"code":"# ð¾ Plaintext password storage\n"},{"highlight":false,"number":26,"code":"open my $db, '>>', \"users.txt\";\n"},{"number":27,"highlight":true,"code":"print $db \"$user:$pass\\n\"; # CWE-256\n"},{"code":"close $db;\n","number":28,"highlight":false},{"highlight":false,"number":29,"code":"\n"}],"owasp":"A02:2021-Cryptographic Failures","issue":"Print Plaintext Credentials","type":"Pattern-Based"},{"type":"Pattern-Based","context":[{"number":29,"highlight":false,"code":"\n"},{"highlight":false,"number":30,"code":"# ð¥ Command Injection via backticks\n"},{"code":"my $output = `$cmd`;  # CWE-77\n","highlight":true,"number":31},{"code":"\n","number":32,"highlight":false},{"highlight":false,"number":33,"code":"# ð¥ Eval-based deserialization\n"}],"owasp":"A03:2021-Injection","issue":"Command Injection via Backticks","id":"FIND-0009","line":31,"file":"/home/kali/Documents/perl-sast-scanner/perlcode/finaltest/complex.pl","severity":"high","cwe":"CWE-77","code":"my $output = `$cmd`;  # CWE-77"},{"line":31,"id":"FIND-0010","file":"/home/kali/Documents/perl-sast-scanner/perlcode/finaltest/complex.pl","severity":"low","code":"my $output = `$cmd`;  # CWE-77","cwe":"CWE-88","type":"Pattern-Based","context":[{"code":"\n","number":29,"highlight":false},{"highlight":false,"number":30,"code":"# ð¥ Command Injection via backticks\n"},{"highlight":true,"number":31,"code":"my $output = `$cmd`;  # CWE-77\n"},{"code":"\n","number":32,"highlight":false},{"number":33,"highlight":false,"code":"# ð¥ Eval-based deserialization\n"}],"issue":"Unquoted Shell Variable in backtick","owasp":"A03:2021-Injection"},{"type":"Taint-Based","issue":"Command Injection","source":"param","id":"FIND-0011","line":34,"variable":"$json","code":"my $json = '{\"action\":\"run\",\"code\":\"system(\\\"ls\\\")\"}';","cwe":"CWE-78","owasp":"A03:2021-Injection","sink":"system","context":[{"number":32,"highlight":false,"code":"\n"},{"code":"# ð¥ Eval-based deserialization\n","number":33,"highlight":false},{"highlight":true,"number":34,"code":"my $json = '{\"action\":\"run\",\"code\":\"system(\\\"ls\\\")\"}';\n"},{"highlight":false,"number":35,"code":"my $parsed = decode_json($json);\n"},{"code":"my $code = $parsed->{code};\n","highlight":false,"number":36}],"severity":"high","file":"/home/kali/Documents/perl-sast-scanner/perlcode/finaltest/complex.pl"},{"cwe":"CWE-94","code":"eval($code); # CWE-94 / CWE-95","variable":"$code","id":"FIND-0012","line":37,"source":"param","issue":"Code Injection via eval","type":"Taint-Based","file":"/home/kali/Documents/perl-sast-scanner/perlcode/finaltest/complex.pl","severity":"high","context":[{"code":"my $parsed = decode_json($json);\n","number":35,"highlight":false},{"number":36,"highlight":false,"code":"my $code = $parsed->{code};\n"},{"code":"eval($code); # CWE-94 / CWE-95\n","highlight":true,"number":37},{"highlight":false,"number":38,"code":"\n"},{"number":39,"highlight":false,"code":"# ð Race Condition\n"}],"owasp":"A03:2021-Injection","sink":"eval"},{"cwe":"CWE-95","severity":"low","code":"eval($code); # CWE-94 / CWE-95","file":"/home/kali/Documents/perl-sast-scanner/perlcode/finaltest/complex.pl","line":37,"id":"FIND-0013","owasp":"A03:2021-Injection","issue":"Multiple evals in One Script (Security Smell)","context":[{"highlight":false,"number":35,"code":"my $parsed = decode_json($json);\n"},{"highlight":false,"number":36,"code":"my $code = $parsed->{code};\n"},{"highlight":true,"number":37,"code":"eval($code); # CWE-94 / CWE-95\n"},{"number":38,"highlight":false,"code":"\n"},{"highlight":false,"number":39,"code":"# ð Race Condition\n"}],"type":"Pattern-Based"},{"owasp":"A05:2021-Security Misconfiguration","issue":"Race Condition via fork()","context":[{"number":38,"highlight":false,"code":"\n"},{"code":"# ð Race Condition\n","highlight":false,"number":39},{"code":"if (fork() == 0) {\n","highlight":true,"number":40},{"code":"    open my $shared, \">>\", \"race_file.txt\";\n","number":41,"highlight":false},{"code":"    print $shared \"child writing...\\n\";\n","number":42,"highlight":false}],"type":"Pattern-Based","severity":"medium","code":"if (fork() == 0) {","cwe":"CWE-362","file":"/home/kali/Documents/perl-sast-scanner/perlcode/finaltest/complex.pl","line":40,"id":"FIND-0014"},{"severity":"high","file":"/home/kali/Documents/perl-sast-scanner/perlcode/finaltest/complex.pl","sink":"open","owasp":"A05:2021-Security Misconfiguration","context":[{"number":39,"highlight":false,"code":"# ð Race Condition\n"},{"number":40,"highlight":false,"code":"if (fork() == 0) {\n"},{"highlight":true,"number":41,"code":"    open my $shared, \">>\", \"race_file.txt\";\n"},{"code":"    print $shared \"child writing...\\n\";\n","number":42,"highlight":false},{"number":43,"highlight":false,"code":"    close $shared;\n"}],"cwe":"CWE-22","code":"    open my $shared, \">>\", \"race_file.txt\";","line":41,"id":"FIND-0015","variable":"$shared","issue":"Path Traversal via open()","source":"param","type":"Taint-Based"},{"type":"Pattern-Based","context":[{"number":46,"highlight":false,"code":"\n"},{"code":"# â Missing CSRF Token in form\n","highlight":false,"number":47},{"highlight":true,"number":48,"code":"print \"<form method='POST' action='/submit'>Name: <input name='name'></form>\"; # CWE-352\n"},{"highlight":false,"number":49,"code":"\n"},{"code":"# ð¬ Weak Random\n","number":50,"highlight":false}],"issue":"Missing CSRF Protection (form)","owasp":"A01:2021-Broken Access Control","id":"FIND-0016","line":48,"file":"/home/kali/Documents/perl-sast-scanner/perlcode/finaltest/complex.pl","code":"print \"<form method='POST' action='/submit'>Name: <input name='name'></form>\"; # CWE-352","severity":"medium","cwe":"CWE-352"},{"owasp":"A02:2021-Cryptographic Failures","issue":"Improper Random Generator (rand)","context":[{"code":"\n","number":49,"highlight":false},{"number":50,"highlight":false,"code":"# ð¬ Weak Random\n"},{"code":"my $token = int(rand(10000));\n","number":51,"highlight":true},{"code":"\n","number":52,"highlight":false},{"number":53,"highlight":false,"code":"# ð¨ Use of MD5\n"}],"type":"Pattern-Based","code":"my $token = int(rand(10000));","severity":"medium","cwe":"CWE-338","file":"/home/kali/Documents/perl-sast-scanner/perlcode/finaltest/complex.pl","id":"FIND-0017","line":51},{"code":"my $digest = md5_hex($pass);","severity":"medium","cwe":"CWE-327","file":"/home/kali/Documents/perl-sast-scanner/perlcode/finaltest/complex.pl","id":"FIND-0018","line":54,"owasp":"A02:2021-Cryptographic Failures","issue":"Use of MD5","context":[{"code":"\n","number":52,"highlight":false},{"number":53,"highlight":false,"code":"# ð¨ Use of MD5\n"},{"number":54,"highlight":true,"code":"my $digest = md5_hex($pass);\n"},{"code":"\n","number":55,"highlight":false},{"code":"# ð SSRF via LWP::UserAgent\n","number":56,"highlight":false}],"type":"Pattern-Based"},{"context":[{"highlight":false,"number":64,"code":"my $substr = substr($pass, -999, 200); # CWE-119\n"},{"code":"\n","number":65,"highlight":false},{"highlight":true,"number":66,"code":"# ð§¨ chmod 777\n"},{"highlight":false,"number":67,"code":"chmod 0777, \"config.pl\"; # CWE-276\n"},{"code":"\n","number":68,"highlight":false}],"owasp":"A05:2021-Security Misconfiguration","issue":"Insecure File Permission (chmod 777)","type":"Pattern-Based","file":"/home/kali/Documents/perl-sast-scanner/perlcode/finaltest/complex.pl","severity":"high","cwe":"CWE-276","code":"# ð§¨ chmod 777","line":66,"id":"FIND-0019"},{"line":67,"id":"FIND-0020","cwe":"CWE-276","severity":"high","code":"chmod 0777, \"config.pl\"; # CWE-276","file":"/home/kali/Documents/perl-sast-scanner/perlcode/finaltest/complex.pl","type":"Pattern-Based","issue":"Insecure File Permission (chmod 777)","owasp":"A05:2021-Security Misconfiguration","context":[{"code":"\n","highlight":false,"number":65},{"code":"# ð§¨ chmod 777\n","number":66,"highlight":false},{"code":"chmod 0777, \"config.pl\"; # CWE-276\n","number":67,"highlight":true},{"code":"\n","highlight":false,"number":68},{"code":"# ð¥ Insecure temp file\n","number":69,"highlight":false}]},{"issue":"Insecure Temporary File Creation","owasp":"A05:2021-Security Misconfiguration","context":[{"highlight":false,"number":68,"code":"\n"},{"highlight":false,"number":69,"code":"# ð¥ Insecure temp file\n"},{"code":"my $temp = tmpnam();\n","highlight":true,"number":70},{"number":71,"highlight":false,"code":"open my $tmp, '>', $temp;\n"},{"number":72,"highlight":false,"code":"print $tmp \"temp content\";\n"}],"type":"Pattern-Based","severity":"medium","code":"my $temp = tmpnam();","cwe":"CWE-377","file":"/home/kali/Documents/perl-sast-scanner/perlcode/finaltest/complex.pl","line":70,"id":"FIND-0021"},{"owasp":"A05:2021-Security Misconfiguration","sink":"open","context":[{"highlight":false,"number":69,"code":"# ð¥ Insecure temp file\n"},{"number":70,"highlight":false,"code":"my $temp = tmpnam();\n"},{"code":"open my $tmp, '>', $temp;\n","number":71,"highlight":true},{"highlight":false,"number":72,"code":"print $tmp \"temp content\";\n"},{"code":"close $tmp;\n","number":73,"highlight":false}],"severity":"high","file":"/home/kali/Documents/perl-sast-scanner/perlcode/finaltest/complex.pl","issue":"Path Traversal via open()","source":"param","type":"Taint-Based","code":"open my $tmp, '>', $temp;","cwe":"CWE-22","id":"FIND-0022","line":71,"variable":"$tmp"},{"line":76,"id":"FIND-0023","file":"/home/kali/Documents/perl-sast-scanner/perlcode/finaltest/complex.pl","severity":"low","code":"sub validate {","cwe":"CWE-778","type":"Pattern-Based","context":[{"code":"\n","highlight":false,"number":74},{"code":"# ð¤¡ Fake validation logic\n","highlight":false,"number":75},{"code":"sub validate {\n","number":76,"highlight":true},{"code":"    my ($input) = @_;\n","highlight":false,"number":77},{"code":"    return 1 if $input =~ /.*admin.*/;  # CWE-1333: Weak Regex\n","highlight":false,"number":78}],"issue":"Suspicious Subroutine Without Auth Check","owasp":"A07:2021-Identification and Authentication Failures"},{"context":[{"code":"\n","highlight":false,"number":74},{"highlight":false,"number":75,"code":"# ð¤¡ Fake validation logic\n"},{"highlight":true,"number":76,"code":"sub validate {\n"},{"highlight":false,"number":77,"code":"    my ($input) = @_;\n"},{"highlight":false,"number":78,"code":"    return 1 if $input =~ /.*admin.*/;  # CWE-1333: Weak Regex\n"}],"issue":"Suspicious Subroutine Ã¢ÂÂ No Auth/Validation","owasp":"A07:2021-Identification and Authentication Failures","type":"Structural","file":"/home/kali/Documents/perl-sast-scanner/perlcode/finaltest/complex.pl","severity":"low","cwe":"CWE-778","code":"sub validate {","id":"FIND-0024","line":76},{"type":"Pattern-Based","context":[{"code":"sub validate {\n","number":76,"highlight":false},{"code":"    my ($input) = @_;\n","number":77,"highlight":false},{"highlight":true,"number":78,"code":"    return 1 if $input =~ /.*admin.*/;  # CWE-1333: Weak Regex\n"},{"code":"    return 0;\n","number":79,"highlight":false},{"code":"}\n","number":80,"highlight":false}],"issue":"Weak Input Regex Validation","owasp":"A04:2021-Insecure Design","line":78,"id":"FIND-0025","file":"/home/kali/Documents/perl-sast-scanner/perlcode/finaltest/complex.pl","cwe":"CWE-1333","severity":"low","code":"    return 1 if $input =~ /.*admin.*/;  # CWE-1333: Weak Regex"},{"code":"use Digest::MD5 qw(md5_hex);               # CWE-327: Use of MD5","severity":"medium","cwe":"CWE-327","file":"/home/kali/Documents/perl-sast-scanner/perlcode/finaltest/blatant.pl","id":"FIND-0026","line":6,"owasp":"A02:2021-Cryptographic Failures","issue":"Use of MD5","context":[{"code":"use CGI;\n","highlight":false,"number":4},{"code":"use LWP::UserAgent;\n","highlight":false,"number":5},{"highlight":true,"number":6,"code":"use Digest::MD5 qw(md5_hex);               # CWE-327: Use of MD5\n"},{"number":7,"highlight":false,"code":"use Data::Dumper;                          # CWE-117: Debug Module Enabled\n"},{"highlight":false,"number":8,"code":"use Crypt::DES;                            # CWE-327: Weak Cipher\n"}],"type":"Pattern-Based"},{"code":"use Crypt::DES;                            # CWE-327: Weak Cipher","severity":"medium","cwe":"CWE-327","file":"/home/kali/Documents/perl-sast-scanner/perlcode/finaltest/blatant.pl","line":8,"id":"FIND-0027","issue":"Use of Insecure Cipher (DES)","owasp":"A02:2021-Cryptographic Failures","context":[{"code":"use Digest::MD5 qw(md5_hex);               # CWE-327: Use of MD5\n","number":6,"highlight":false},{"code":"use Data::Dumper;                          # CWE-117: Debug Module Enabled\n","highlight":false,"number":7},{"code":"use Crypt::DES;                            # CWE-327: Weak Cipher\n","highlight":true,"number":8},{"code":"use JSON;\n","number":9,"highlight":false},{"highlight":false,"number":10,"code":"use Fcntl qw(:DEFAULT :flock);\n"}],"type":"Pattern-Based"},{"id":"FIND-0028","line":14,"file":"/home/kali/Documents/perl-sast-scanner/perlcode/finaltest/blatant.pl","code":"my $admin_password = \"SuperSecret123\";","severity":"high","cwe":"CWE-798","type":"Pattern-Based","context":[{"number":12,"highlight":false,"code":"\n"},{"number":13,"highlight":false,"code":"# CWE-798: Hardcoded credentials\n"},{"number":14,"highlight":true,"code":"my $admin_password = \"SuperSecret123\";\n"},{"code":"my $api_key = \"apikey12345678\";\n","highlight":false,"number":15},{"number":16,"highlight":false,"code":"\n"}],"owasp":"A07:2021-Identification and Authentication Failures","issue":"Hardcoded Password"},{"cwe":"CWE-798","severity":"high","code":"my $api_key = \"apikey12345678\";","file":"/home/kali/Documents/perl-sast-scanner/perlcode/finaltest/blatant.pl","id":"FIND-0029","line":15,"issue":"Hardcoded Secret/API Key","owasp":"A02:2021-Cryptographic Failures","context":[{"highlight":false,"number":13,"code":"# CWE-798: Hardcoded credentials\n"},{"code":"my $admin_password = \"SuperSecret123\";\n","highlight":false,"number":14},{"code":"my $api_key = \"apikey12345678\";\n","number":15,"highlight":true},{"number":16,"highlight":false,"code":"\n"},{"number":17,"highlight":false,"code":"# CWE-538: Exposed config file\n"}],"type":"Pattern-Based"},{"id":"FIND-0030","line":18,"severity":"medium","cwe":"CWE-829","code":"require \"./config.pl\";","file":"/home/kali/Documents/perl-sast-scanner/perlcode/finaltest/blatant.pl","type":"Pattern-Based","owasp":"A05:2021-Security Misconfiguration","issue":"Config File Inclusion","context":[{"code":"\n","highlight":false,"number":16},{"code":"# CWE-538: Exposed config file\n","number":17,"highlight":false},{"code":"require \"./config.pl\";\n","highlight":true,"number":18},{"code":"\n","highlight":false,"number":19},{"number":20,"highlight":false,"code":"# User input sources\n"}]},{"context":[{"code":"# User input sources\n","number":20,"highlight":false},{"highlight":false,"number":21,"code":"my $q = CGI->new;\n"},{"code":"my $input = $q->param('input');            # CWE-20: Unvalidated input\n","number":22,"highlight":true},{"code":"my $file = $q->param('file');\n","highlight":false,"number":23},{"highlight":false,"number":24,"code":"my $cmd = $q->param('cmd');\n"}],"owasp":"A03:2021-Injection","issue":"Assignment of param() to Code Path Without Sanitization","type":"Pattern-Based","file":"/home/kali/Documents/perl-sast-scanner/perlcode/finaltest/blatant.pl","severity":"medium","code":"my $input = $q->param('input');            # CWE-20: Unvalidated input","cwe":"CWE-116","id":"FIND-0031","line":22},{"line":23,"id":"FIND-0032","file":"/home/kali/Documents/perl-sast-scanner/perlcode/finaltest/blatant.pl","code":"my $file = $q->param('file');","severity":"medium","cwe":"CWE-116","type":"Pattern-Based","context":[{"highlight":false,"number":21,"code":"my $q = CGI->new;\n"},{"code":"my $input = $q->param('input');            # CWE-20: Unvalidated input\n","number":22,"highlight":false},{"number":23,"highlight":true,"code":"my $file = $q->param('file');\n"},{"code":"my $cmd = $q->param('cmd');\n","highlight":false,"number":24},{"code":"my $user = $q->param('user');\n","number":25,"highlight":false}],"issue":"Assignment of param() to Code Path Without Sanitization","owasp":"A03:2021-Injection"},{"file":"/home/kali/Documents/perl-sast-scanner/perlcode/finaltest/blatant.pl","severity":"medium","cwe":"CWE-116","code":"my $cmd = $q->param('cmd');","id":"FIND-0033","line":24,"context":[{"number":22,"highlight":false,"code":"my $input = $q->param('input');            # CWE-20: Unvalidated input\n"},{"code":"my $file = $q->param('file');\n","number":23,"highlight":false},{"code":"my $cmd = $q->param('cmd');\n","number":24,"highlight":true},{"highlight":false,"number":25,"code":"my $user = $q->param('user');\n"},{"code":"my $pass = $q->param('pass');\n","highlight":false,"number":26}],"issue":"Assignment of param() to Code Path Without Sanitization","owasp":"A03:2021-Injection","type":"Pattern-Based"},{"code":"my $user = $q->param('user');","severity":"medium","cwe":"CWE-116","file":"/home/kali/Documents/perl-sast-scanner/perlcode/finaltest/blatant.pl","id":"FIND-0034","line":25,"issue":"Assignment of param() to Code Path Without Sanitization","owasp":"A03:2021-Injection","context":[{"number":23,"highlight":false,"code":"my $file = $q->param('file');\n"},{"code":"my $cmd = $q->param('cmd');\n","number":24,"highlight":false},{"code":"my $user = $q->param('user');\n","highlight":true,"number":25},{"number":26,"highlight":false,"code":"my $pass = $q->param('pass');\n"},{"number":27,"highlight":false,"code":"\n"}],"type":"Pattern-Based"},{"context":[{"code":"my $cmd = $q->param('cmd');\n","number":24,"highlight":false},{"number":25,"highlight":false,"code":"my $user = $q->param('user');\n"},{"code":"my $pass = $q->param('pass');\n","number":26,"highlight":true},{"code":"\n","highlight":false,"number":27},{"code":"# CWE-703: Improper Exception Handling\n","number":28,"highlight":false}],"owasp":"A03:2021-Injection","issue":"Assignment of param() to Code Path Without Sanitization","type":"Pattern-Based","file":"/home/kali/Documents/perl-sast-scanner/perlcode/finaltest/blatant.pl","cwe":"CWE-116","severity":"medium","code":"my $pass = $q->param('pass');","id":"FIND-0035","line":26},{"source":"param","issue":"Code Injection via eval","type":"Taint-Based","code":"eval {","cwe":"CWE-94","variable":"","id":"FIND-0036","line":29,"context":[{"code":"\n","number":27,"highlight":false},{"code":"# CWE-703: Improper Exception Handling\n","highlight":false,"number":28},{"highlight":true,"number":29,"code":"eval {\n"},{"code":"    my $risky = risky_function($input);\n","number":30,"highlight":false},{"highlight":false,"number":31,"code":"};\n"}],"owasp":"A03:2021-Injection","sink":"eval","file":"/home/kali/Documents/perl-sast-scanner/perlcode/finaltest/blatant.pl","severity":"high"},{"type":"Structural","context":[{"code":"\n","number":27,"highlight":false},{"code":"# CWE-703: Improper Exception Handling\n","number":28,"highlight":false},{"code":"eval {\n","highlight":true,"number":29},{"number":30,"highlight":false,"code":"    my $risky = risky_function($input);\n"},{"number":31,"highlight":false,"code":"};\n"}],"owasp":"A09:2021-Logging and Monitoring Failures","issue":"Eval Block Ã¢ÂÂ No Error Handling","id":"FIND-0037","line":29,"file":"/home/kali/Documents/perl-sast-scanner/perlcode/finaltest/blatant.pl","code":"eval {","severity":"medium","cwe":"CWE-703"},{"severity":"low","code":"print length($undef_var);                  # Null deref risk","cwe":"CWE-476","file":"/home/kali/Documents/perl-sast-scanner/perlcode/finaltest/blatant.pl","line":35,"id":"FIND-0038","issue":"NULL Dereference Risk","owasp":"A09:2021-Logging and Monitoring Failures","context":[{"number":33,"highlight":false,"code":"# CWE-476: NULL Dereference\n"},{"number":34,"highlight":false,"code":"my $undef_var;\n"},{"code":"print length($undef_var);                  # Null deref risk\n","highlight":true,"number":35},{"code":"\n","highlight":false,"number":36},{"highlight":false,"number":37,"code":"# CWE-190: Integer overflow\n"}],"type":"Pattern-Based"},{"type":"Pattern-Based","context":[{"number":45,"highlight":false,"code":"\n"},{"code":"# CWE-77: Command Injection via backticks\n","highlight":false,"number":46},{"code":"my $result = `$cmd`;                       # Dangerous if $cmd is not validated\n","highlight":true,"number":47},{"code":"\n","number":48,"highlight":false},{"code":"# CWE-78: Unescaped user input in command\n","highlight":false,"number":49}],"issue":"Command Injection via Backticks","owasp":"A03:2021-Injection","line":47,"id":"FIND-0039","file":"/home/kali/Documents/perl-sast-scanner/perlcode/finaltest/blatant.pl","severity":"high","code":"my $result = `$cmd`;                       # Dangerous if $cmd is not validated","cwe":"CWE-77"},{"type":"Pattern-Based","issue":"Unquoted Shell Variable in backtick","owasp":"A03:2021-Injection","context":[{"number":45,"highlight":false,"code":"\n"},{"code":"# CWE-77: Command Injection via backticks\n","highlight":false,"number":46},{"highlight":true,"number":47,"code":"my $result = `$cmd`;                       # Dangerous if $cmd is not validated\n"},{"number":48,"highlight":false,"code":"\n"},{"code":"# CWE-78: Unescaped user input in command\n","highlight":false,"number":49}],"line":47,"id":"FIND-0040","cwe":"CWE-88","severity":"low","code":"my $result = `$cmd`;                       # Dangerous if $cmd is not validated","file":"/home/kali/Documents/perl-sast-scanner/perlcode/finaltest/blatant.pl"},{"cwe":"CWE-78","code":"system(\"ping $input\");","line":50,"id":"FIND-0041","variable":"$input","issue":"Command Injection","source":"param","type":"Taint-Based","severity":"high","file":"/home/kali/Documents/perl-sast-scanner/perlcode/finaltest/blatant.pl","sink":"system","owasp":"A03:2021-Injection","context":[{"highlight":false,"number":48,"code":"\n"},{"code":"# CWE-78: Unescaped user input in command\n","number":49,"highlight":false},{"number":50,"highlight":true,"code":"system(\"ping $input\");\n"},{"highlight":false,"number":51,"code":"\n"},{"highlight":false,"number":52,"code":"# CWE-73 + CWE-22: Direct file access + Path traversal\n"}]},{"file":"/home/kali/Documents/perl-sast-scanner/perlcode/finaltest/blatant.pl","severity":"high","context":[{"number":51,"highlight":false,"code":"\n"},{"code":"# CWE-73 + CWE-22: Direct file access + Path traversal\n","highlight":false,"number":52},{"code":"open(my $fh, \"<\", $file) or die \"Can't open $file\";\n","highlight":true,"number":53},{"code":"\n","number":54,"highlight":false},{"number":55,"highlight":false,"code":"# CWE-434: Unrestricted File Upload\n"}],"sink":"open","owasp":"A05:2021-Security Misconfiguration","variable":"$fh","id":"FIND-0042","line":53,"cwe":"CWE-22","code":"open(my $fh, \"<\", $file) or die \"Can't open $file\";","type":"Taint-Based","source":"param","issue":"Path Traversal via open()"},{"file":"/home/kali/Documents/perl-sast-scanner/perlcode/finaltest/blatant.pl","severity":"low","code":"open(my $fh, \"<\", $file) or die \"Can't open $file\";","cwe":"CWE-20","line":53,"id":"FIND-0043","context":[{"code":"\n","highlight":false,"number":51},{"highlight":false,"number":52,"code":"# CWE-73 + CWE-22: Direct file access + Path traversal\n"},{"number":53,"highlight":true,"code":"open(my $fh, \"<\", $file) or die \"Can't open $file\";\n"},{"highlight":false,"number":54,"code":"\n"},{"number":55,"highlight":false,"code":"# CWE-434: Unrestricted File Upload\n"}],"owasp":"A05:2021-Security Misconfiguration","issue":"Unquoted open() filename","type":"Pattern-Based"},{"type":"Pattern-Based","issue":"Dangerous Use of open() Without Mode Restrictions","owasp":"A05:2021-Security Misconfiguration","context":[{"highlight":false,"number":51,"code":"\n"},{"number":52,"highlight":false,"code":"# CWE-73 + CWE-22: Direct file access + Path traversal\n"},{"number":53,"highlight":true,"code":"open(my $fh, \"<\", $file) or die \"Can't open $file\";\n"},{"code":"\n","number":54,"highlight":false},{"code":"# CWE-434: Unrestricted File Upload\n","highlight":false,"number":55}],"line":53,"id":"FIND-0044","severity":"medium","cwe":"CWE-22","code":"open(my $fh, \"<\", $file) or die \"Can't open $file\";","file":"/home/kali/Documents/perl-sast-scanner/perlcode/finaltest/blatant.pl"},{"line":53,"id":"FIND-0045","cwe":"CWE-73","severity":"medium","code":"open(my $fh, \"<\", $file) or die \"Can't open $file\";","file":"/home/kali/Documents/perl-sast-scanner/perlcode/finaltest/blatant.pl","type":"Structural","owasp":"A05:2021-Security Misconfiguration","issue":"Insecure File Open Ã¢ÂÂ Path from Variable","context":[{"code":"\n","highlight":false,"number":51},{"number":52,"highlight":false,"code":"# CWE-73 + CWE-22: Direct file access + Path traversal\n"},{"code":"open(my $fh, \"<\", $file) or die \"Can't open $file\";\n","number":53,"highlight":true},{"number":54,"highlight":false,"code":"\n"},{"highlight":false,"number":55,"code":"# CWE-434: Unrestricted File Upload\n"}]},{"id":"FIND-0046","line":56,"cwe":"CWE-434","severity":"high","code":"my $upload = $q->upload('file');          # No checks on upload","file":"/home/kali/Documents/perl-sast-scanner/perlcode/finaltest/blatant.pl","type":"Pattern-Based","owasp":"A08:2021-Software and Data Integrity Failures","issue":"Unrestricted File Upload","context":[{"number":54,"highlight":false,"code":"\n"},{"code":"# CWE-434: Unrestricted File Upload\n","highlight":false,"number":55},{"highlight":true,"number":56,"code":"my $upload = $q->upload('file');          # No checks on upload\n"},{"highlight":false,"number":57,"code":"\n"},{"code":"# CWE-94 + CWE-95: Eval from input\n","number":58,"highlight":false}]},{"type":"Taint-Based","issue":"Code Injection via eval","source":"param","id":"FIND-0047","line":59,"variable":"$input","code":"eval($input);","cwe":"CWE-94","sink":"eval","owasp":"A03:2021-Injection","context":[{"code":"\n","highlight":false,"number":57},{"highlight":false,"number":58,"code":"# CWE-94 + CWE-95: Eval from input\n"},{"code":"eval($input);\n","number":59,"highlight":true},{"highlight":false,"number":60,"code":"\n"},{"code":"# CWE-502: Deserialization of untrusted data\n","highlight":false,"number":61}],"severity":"high","file":"/home/kali/Documents/perl-sast-scanner/perlcode/finaltest/blatant.pl"},{"line":59,"id":"FIND-0048","cwe":"CWE-95","severity":"low","code":"eval($input);","file":"/home/kali/Documents/perl-sast-scanner/perlcode/finaltest/blatant.pl","type":"Pattern-Based","issue":"Multiple evals in One Script (Security Smell)","owasp":"A03:2021-Injection","context":[{"code":"\n","number":57,"highlight":false},{"code":"# CWE-94 + CWE-95: Eval from input\n","number":58,"highlight":false},{"highlight":true,"number":59,"code":"eval($input);\n"},{"highlight":false,"number":60,"code":"\n"},{"code":"# CWE-502: Deserialization of untrusted data\n","highlight":false,"number":61}]},{"context":[{"number":60,"highlight":false,"code":"\n"},{"code":"# CWE-502: Deserialization of untrusted data\n","highlight":false,"number":61},{"code":"my $json = $q->param('json');\n","number":62,"highlight":true},{"number":63,"highlight":false,"code":"my $decoded = eval { decode_json($json) };  # No validation\n"},{"code":"\n","number":64,"highlight":false}],"owasp":"A03:2021-Injection","issue":"Assignment of param() to Code Path Without Sanitization","type":"Pattern-Based","file":"/home/kali/Documents/perl-sast-scanner/perlcode/finaltest/blatant.pl","severity":"medium","cwe":"CWE-116","code":"my $json = $q->param('json');","line":62,"id":"FIND-0049"},{"file":"/home/kali/Documents/perl-sast-scanner/perlcode/finaltest/blatant.pl","severity":"high","context":[{"code":"# CWE-502: Deserialization of untrusted data\n","number":61,"highlight":false},{"highlight":false,"number":62,"code":"my $json = $q->param('json');\n"},{"highlight":true,"number":63,"code":"my $decoded = eval { decode_json($json) };  # No validation\n"},{"highlight":false,"number":64,"code":"\n"},{"code":"# CWE-601: Unvalidated Redirect\n","number":65,"highlight":false}],"owasp":"A03:2021-Injection","sink":"eval","code":"my $decoded = eval { decode_json($json) };  # No validation","cwe":"CWE-94","variable":"$decoded","line":63,"id":"FIND-0050","source":"param","issue":"Code Injection via eval","type":"Taint-Based"},{"issue":"Silent Eval Block (No Error Handling)","owasp":"A09:2021-Logging and Monitoring Failures","context":[{"code":"# CWE-502: Deserialization of untrusted data\n","highlight":false,"number":61},{"highlight":false,"number":62,"code":"my $json = $q->param('json');\n"},{"highlight":true,"number":63,"code":"my $decoded = eval { decode_json($json) };  # No validation\n"},{"highlight":false,"number":64,"code":"\n"},{"code":"# CWE-601: Unvalidated Redirect\n","highlight":false,"number":65}],"type":"Pattern-Based","severity":"medium","cwe":"CWE-703","code":"my $decoded = eval { decode_json($json) };  # No validation","file":"/home/kali/Documents/perl-sast-scanner/perlcode/finaltest/blatant.pl","id":"FIND-0051","line":63},{"file":"/home/kali/Documents/perl-sast-scanner/perlcode/finaltest/blatant.pl","severity":"low","cwe":"CWE-502","code":"my $decoded = eval { decode_json($json) };  # No validation","id":"FIND-0052","line":63,"context":[{"code":"# CWE-502: Deserialization of untrusted data\n","highlight":false,"number":61},{"code":"my $json = $q->param('json');\n","highlight":false,"number":62},{"number":63,"highlight":true,"code":"my $decoded = eval { decode_json($json) };  # No validation\n"},{"highlight":false,"number":64,"code":"\n"},{"code":"# CWE-601: Unvalidated Redirect\n","highlight":false,"number":65}],"owasp":"A04:2021-Insecure Design","issue":"Unescaped Decode JSON Eval","type":"Pattern-Based"},{"type":"Pattern-Based","owasp":"A09:2021-Logging and Monitoring Failures","issue":"Silent eval{} Block with No Error Handling","context":[{"code":"# CWE-502: Deserialization of untrusted data\n","highlight":false,"number":61},{"code":"my $json = $q->param('json');\n","highlight":false,"number":62},{"code":"my $decoded = eval { decode_json($json) };  # No validation\n","highlight":true,"number":63},{"highlight":false,"number":64,"code":"\n"},{"code":"# CWE-601: Unvalidated Redirect\n","number":65,"highlight":false}],"id":"FIND-0053","line":63,"severity":"low","code":"my $decoded = eval { decode_json($json) };  # No validation","cwe":"CWE-703","file":"/home/kali/Documents/perl-sast-scanner/perlcode/finaltest/blatant.pl"},{"cwe":"CWE-116","severity":"medium","code":"my $redir = $q->param('redir');","file":"/home/kali/Documents/perl-sast-scanner/perlcode/finaltest/blatant.pl","id":"FIND-0054","line":66,"issue":"Assignment of param() to Code Path Without Sanitization","owasp":"A03:2021-Injection","context":[{"code":"\n","highlight":false,"number":64},{"code":"# CWE-601: Unvalidated Redirect\n","number":65,"highlight":false},{"code":"my $redir = $q->param('redir');\n","number":66,"highlight":true},{"number":67,"highlight":false,"code":"print $q->redirect($redir);               # No domain whitelist\n"},{"code":"\n","highlight":false,"number":68}],"type":"Pattern-Based"},{"issue":"No Input Validation Logic Present","owasp":"A04:2021-Insecure Design","context":[{"code":"\n","number":68,"highlight":false},{"number":69,"highlight":false,"code":"# CWE-287: Broken Authentication\n"},{"highlight":true,"number":70,"code":"if ($user eq 'admin') {                   # No password check\n"},{"number":71,"highlight":false,"code":"    print \"Logged in as admin\\n\";\n"},{"code":"}\n","number":72,"highlight":false}],"type":"Pattern-Based","cwe":"CWE-20","severity":"low","code":"if ($user eq 'admin') {                   # No password check","file":"/home/kali/Documents/perl-sast-scanner/perlcode/finaltest/blatant.pl","line":70,"id":"FIND-0055"},{"type":"Pattern-Based","context":[{"number":83,"highlight":false,"code":"\n"},{"number":84,"highlight":false,"code":"# CWE-276: Incorrect permissions\n"},{"code":"chmod(0777, \"./sensitive.txt\");\n","highlight":true,"number":85},{"number":86,"highlight":false,"code":"\n"},{"highlight":false,"number":87,"code":"# CWE-276: Permissive umask\n"}],"issue":"Insecure File Permission (chmod 777)","owasp":"A05:2021-Security Misconfiguration","id":"FIND-0056","line":85,"file":"/home/kali/Documents/perl-sast-scanner/perlcode/finaltest/blatant.pl","code":"chmod(0777, \"./sensitive.txt\");","severity":"high","cwe":"CWE-276"},{"type":"Pattern-Based","owasp":"A05:2021-Security Misconfiguration","issue":"Excessive Permission (umask 0000)","context":[{"code":"\n","highlight":false,"number":86},{"code":"# CWE-276: Permissive umask\n","highlight":false,"number":87},{"code":"umask(0000);\n","highlight":true,"number":88},{"code":"\n","highlight":false,"number":89},{"code":"# CWE-256: Plaintext credential storage\n","number":90,"highlight":false}],"id":"FIND-0057","line":88,"cwe":"CWE-276","severity":"high","code":"umask(0000);","file":"/home/kali/Documents/perl-sast-scanner/perlcode/finaltest/blatant.pl"},{"file":"/home/kali/Documents/perl-sast-scanner/perlcode/finaltest/blatant.pl","severity":"low","code":"sub login {","cwe":"CWE-778","line":94,"id":"FIND-0058","context":[{"code":"\n","number":92,"highlight":false},{"highlight":false,"number":93,"code":"# CWE-778: Missing auth logs\n"},{"code":"sub login {\n","highlight":true,"number":94},{"number":95,"highlight":false,"code":"    print \"Login logic here\\n\";           # No logging\n"},{"number":96,"highlight":false,"code":"}\n"}],"owasp":"A07:2021-Identification and Authentication Failures","issue":"Suspicious Subroutine Without Auth Check","type":"Pattern-Based"},{"type":"Pattern-Based","context":[{"code":"\n","number":100,"highlight":false},{"highlight":false,"number":101,"code":"# CWE-116: XSS from output\n"},{"code":"print $q->param(\"name\");                  # No HTML escaping\n","number":102,"highlight":true},{"code":"\n","number":103,"highlight":false},{"number":104,"highlight":false,"code":"# CWE-117: Improper neutralization in logs\n"}],"owasp":"A03:2021-Injection","issue":"XSS via direct print of param","line":102,"id":"FIND-0059","file":"/home/kali/Documents/perl-sast-scanner/perlcode/finaltest/blatant.pl","severity":"high","cwe":"CWE-79","code":"print $q->param(\"name\");                  # No HTML escaping"},{"code":"print $q->param(\"name\");                  # No HTML escaping","severity":"medium","cwe":"CWE-117","file":"/home/kali/Documents/perl-sast-scanner/perlcode/finaltest/blatant.pl","id":"FIND-0060","line":102,"owasp":"A09:2021-Logging and Monitoring Failures","issue":"Print User Input to Console","context":[{"code":"\n","highlight":false,"number":100},{"code":"# CWE-116: XSS from output\n","number":101,"highlight":false},{"code":"print $q->param(\"name\");                  # No HTML escaping\n","number":102,"highlight":true},{"code":"\n","highlight":false,"number":103},{"highlight":false,"number":104,"code":"# CWE-117: Improper neutralization in logs\n"}],"type":"Pattern-Based"},{"type":"Pattern-Based","context":[{"code":"\n","highlight":false,"number":107},{"code":"# CWE-377: Insecure temporary file creation\n","number":108,"highlight":false},{"highlight":true,"number":109,"code":"my $tmp = tmpnam();\n"},{"highlight":false,"number":110,"code":"open my $tfh, \">\", $tmp;\n"},{"highlight":false,"number":111,"code":"\n"}],"issue":"Insecure Temporary File Creation","owasp":"A05:2021-Security Misconfiguration","line":109,"id":"FIND-0061","file":"/home/kali/Documents/perl-sast-scanner/perlcode/finaltest/blatant.pl","code":"my $tmp = tmpnam();","severity":"medium","cwe":"CWE-377"},{"file":"/home/kali/Documents/perl-sast-scanner/perlcode/finaltest/blatant.pl","severity":"high","context":[{"number":108,"highlight":false,"code":"# CWE-377: Insecure temporary file creation\n"},{"number":109,"highlight":false,"code":"my $tmp = tmpnam();\n"},{"code":"open my $tfh, \">\", $tmp;\n","highlight":true,"number":110},{"highlight":false,"number":111,"code":"\n"},{"code":"# CWE-362: Race condition\n","number":112,"highlight":false}],"sink":"open","owasp":"A05:2021-Security Misconfiguration","variable":"$tfh","id":"FIND-0062","line":110,"cwe":"CWE-22","code":"open my $tfh, \">\", $tmp;","type":"Taint-Based","source":"param","issue":"Path Traversal via open()"},{"file":"/home/kali/Documents/perl-sast-scanner/perlcode/finaltest/blatant.pl","code":"if (fork() == 0) {","severity":"medium","cwe":"CWE-362","id":"FIND-0063","line":113,"context":[{"highlight":false,"number":111,"code":"\n"},{"code":"# CWE-362: Race condition\n","highlight":false,"number":112},{"code":"if (fork() == 0) {\n","number":113,"highlight":true},{"highlight":false,"number":114,"code":"    print \"Child process doing stuff\\n\";\n"},{"code":"    exit;\n","number":115,"highlight":false}],"owasp":"A05:2021-Security Misconfiguration","issue":"Race Condition via fork()","type":"Pattern-Based"},{"context":[{"number":117,"highlight":false,"code":"\n"},{"number":118,"highlight":false,"code":"# CWE-327: Use of MD5\n"},{"code":"my $digest = md5_hex($pass);\n","highlight":true,"number":119},{"code":"\n","highlight":false,"number":120},{"code":"# CWE-338: Weak random number\n","highlight":false,"number":121}],"issue":"Use of MD5","owasp":"A02:2021-Cryptographic Failures","type":"Pattern-Based","file":"/home/kali/Documents/perl-sast-scanner/perlcode/finaltest/blatant.pl","cwe":"CWE-327","severity":"medium","code":"my $digest = md5_hex($pass);","id":"FIND-0064","line":119},{"code":"my $token = int(rand(1000000));","severity":"medium","cwe":"CWE-338","file":"/home/kali/Documents/perl-sast-scanner/perlcode/finaltest/blatant.pl","id":"FIND-0065","line":122,"owasp":"A02:2021-Cryptographic Failures","issue":"Improper Random Generator (rand)","context":[{"number":120,"highlight":false,"code":"\n"},{"highlight":false,"number":121,"code":"# CWE-338: Weak random number\n"},{"code":"my $token = int(rand(1000000));\n","number":122,"highlight":true},{"number":123,"highlight":false,"code":"\n"},{"number":124,"highlight":false,"code":"# CWE-1333: Weak input regex\n"}],"type":"Pattern-Based"},{"type":"Pattern-Based","context":[{"number":128,"highlight":false,"code":"\n"},{"code":"# CWE-352: Missing CSRF token\n","number":129,"highlight":false},{"highlight":true,"number":130,"code":"print \"<form action='/submit' method='POST'>\";  # No CSRF token\n"},{"code":"print \"<input name='data'>\";\n","highlight":false,"number":131},{"number":132,"highlight":false,"code":"print \"</form>\";\n"}],"owasp":"A01:2021-Broken Access Control","issue":"Missing CSRF Protection (form)","line":130,"id":"FIND-0066","file":"/home/kali/Documents/perl-sast-scanner/perlcode/finaltest/blatant.pl","severity":"medium","code":"print \"<form action='/submit' method='POST'>\";  # No CSRF token","cwe":"CWE-352"},{"code":"if ($api_key eq \"apikey12345678\") {","severity":"low","cwe":"CWE-20","file":"/home/kali/Documents/perl-sast-scanner/perlcode/finaltest/blatant.pl","id":"FIND-0067","line":135,"issue":"No Input Validation Logic Present","owasp":"A04:2021-Insecure Design","context":[{"number":133,"highlight":false,"code":"\n"},{"code":"# CWE-798: Hardcoded secret used in logic\n","number":134,"highlight":false},{"code":"if ($api_key eq \"apikey12345678\") {\n","highlight":true,"number":135},{"code":"    print \"API Access granted\\n\";\n","highlight":false,"number":136},{"code":"}\n","highlight":false,"number":137}],"type":"Pattern-Based"},{"line":142,"id":"FIND-0068","variable":"$log","code":"    open my $log, '>>', 'logfile.log';","cwe":"CWE-22","type":"Taint-Based","issue":"Path Traversal via open()","source":"param","severity":"high","file":"/home/kali/Documents/perl-sast-scanner/perlcode/finaltest/blatant.pl","owasp":"A05:2021-Security Misconfiguration","sink":"open","context":[{"highlight":false,"number":140,"code":"sub log_action {\n"},{"code":"    my $msg = shift;\n","number":141,"highlight":false},{"highlight":true,"number":142,"code":"    open my $log, '>>', 'logfile.log';\n"},{"code":"    print $log \"LOG: $msg\\n\";             # CWE-117\n","number":143,"highlight":false},{"number":144,"highlight":false,"code":"    close $log;\n"}]},{"code":"sub risky_function {","severity":"low","cwe":"CWE-778","file":"/home/kali/Documents/perl-sast-scanner/perlcode/finaltest/blatant.pl","line":156,"id":"FIND-0069","issue":"Suspicious Subroutine Ã¢ÂÂ No Auth/Validation","owasp":"A07:2021-Identification and Authentication Failures","context":[{"code":"}\n","number":154,"highlight":false},{"code":"\n","highlight":false,"number":155},{"highlight":true,"number":156,"code":"sub risky_function {\n"},{"highlight":false,"number":157,"code":"    return $_[0] * 2;\n"},{"highlight":false,"number":158,"code":"}\n"}],"type":"Structural"},{"code":"sub store {","severity":"low","cwe":"CWE-778","file":"/home/kali/Documents/perl-sast-scanner/perlcode/finaltest/blatant.pl","id":"FIND-0070","line":160,"owasp":"A07:2021-Identification and Authentication Failures","issue":"Suspicious Subroutine Without Auth Check","context":[{"code":"}\n","number":158,"highlight":false},{"code":"\n","number":159,"highlight":false},{"highlight":true,"number":160,"code":"sub store {\n"},{"number":161,"highlight":false,"code":"    my ($u, $p) = @_;\n"},{"highlight":false,"number":162,"code":"    open my $db, \">>\", \"users.txt\";\n"}],"type":"Pattern-Based"},{"id":"FIND-0071","line":160,"severity":"low","cwe":"CWE-778","code":"sub store {","file":"/home/kali/Documents/perl-sast-scanner/perlcode/finaltest/blatant.pl","type":"Structural","owasp":"A07:2021-Identification and Authentication Failures","issue":"Suspicious Subroutine Ã¢ÂÂ No Auth/Validation","context":[{"highlight":false,"number":158,"code":"}\n"},{"code":"\n","highlight":false,"number":159},{"highlight":true,"number":160,"code":"sub store {\n"},{"code":"    my ($u, $p) = @_;\n","number":161,"highlight":false},{"code":"    open my $db, \">>\", \"users.txt\";\n","number":162,"highlight":false}]},{"file":"/home/kali/Documents/perl-sast-scanner/perlcode/finaltest/blatant.pl","severity":"high","context":[{"number":160,"highlight":false,"code":"sub store {\n"},{"code":"    my ($u, $p) = @_;\n","number":161,"highlight":false},{"code":"    open my $db, \">>\", \"users.txt\";\n","number":162,"highlight":true},{"number":163,"highlight":false,"code":"    print $db \"$u:$p\\n\";                  # Plaintext credential storage\n"},{"number":164,"highlight":false,"code":"    close $db;\n"}],"sink":"open","owasp":"A05:2021-Security Misconfiguration","variable":"$db","id":"FIND-0072","line":162,"code":"    open my $db, \">>\", \"users.txt\";","cwe":"CWE-22","type":"Taint-Based","source":"param","issue":"Path Traversal via open()"}]