[{"id":"FIND-0001","cwe":"CWE-327","issue":"Use of MD5","file":"/home/kali/Documents/perl-sast-scanner/perlcode/finaltest/complex.pl","line":5,"context":[{"number":3,"highlight":false,"code":"use warnings;\n"},{"code":"use CGI;\n","number":4,"highlight":false},{"number":5,"highlight":true,"code":"use Digest::MD5 qw(md5_hex);\n"},{"number":6,"highlight":false,"code":"use LWP::UserAgent;\n"},{"number":7,"highlight":false,"code":"use JSON;\n"}],"code":"use Digest::MD5 qw(md5_hex);","owasp":"A02:2021-Cryptographic Failures","severity":"medium","type":"Pattern-Based"},{"severity":"medium","type":"Pattern-Based","owasp":"A03:2021-Injection","code":"my $user = $q->param(\"user\");","cwe":"CWE-116","issue":"Assignment of param() to Code Path Without Sanitization","file":"/home/kali/Documents/perl-sast-scanner/perlcode/finaltest/complex.pl","line":12,"context":[{"number":10,"highlight":false,"code":"# Simulate CGI input\n"},{"highlight":false,"number":11,"code":"my $q = CGI->new();\n"},{"highlight":true,"number":12,"code":"my $user = $q->param(\"user\");\n"},{"highlight":false,"number":13,"code":"my $pass = $q->param(\"pass\");\n"},{"number":14,"highlight":false,"code":"my $cmd  = $q->param(\"cmd\");\n"}],"id":"FIND-0002"},{"id":"FIND-0003","cwe":"CWE-116","issue":"Assignment of param() to Code Path Without Sanitization","line":13,"file":"/home/kali/Documents/perl-sast-scanner/perlcode/finaltest/complex.pl","context":[{"number":11,"highlight":false,"code":"my $q = CGI->new();\n"},{"code":"my $user = $q->param(\"user\");\n","number":12,"highlight":false},{"number":13,"highlight":true,"code":"my $pass = $q->param(\"pass\");\n"},{"code":"my $cmd  = $q->param(\"cmd\");\n","highlight":false,"number":14},{"code":"my $redir = $q->param(\"next\");\n","highlight":false,"number":15}],"code":"my $pass = $q->param(\"pass\");","owasp":"A03:2021-Injection","type":"Pattern-Based","severity":"medium"},{"cwe":"CWE-116","line":14,"issue":"Assignment of param() to Code Path Without Sanitization","file":"/home/kali/Documents/perl-sast-scanner/perlcode/finaltest/complex.pl","context":[{"number":12,"highlight":false,"code":"my $user = $q->param(\"user\");\n"},{"code":"my $pass = $q->param(\"pass\");\n","number":13,"highlight":false},{"highlight":true,"number":14,"code":"my $cmd  = $q->param(\"cmd\");\n"},{"highlight":false,"number":15,"code":"my $redir = $q->param(\"next\");\n"},{"code":"\n","highlight":false,"number":16}],"id":"FIND-0004","owasp":"A03:2021-Injection","severity":"medium","type":"Pattern-Based","code":"my $cmd  = $q->param(\"cmd\");"},{"context":[{"highlight":false,"number":12,"code":"my $user = $q->param(\"user\");\n"},{"highlight":false,"number":13,"code":"my $pass = $q->param(\"pass\");\n"},{"code":"my $cmd  = $q->param(\"cmd\");\n","number":14,"highlight":true},{"number":15,"highlight":false,"code":"my $redir = $q->param(\"next\");\n"},{"code":"\n","number":16,"highlight":false}],"cwe":"CWE-78","issue":"Command Injection via Indirect Variable Assignment","line":14,"file":"/home/kali/Documents/perl-sast-scanner/perlcode/finaltest/complex.pl","id":"FIND-0005","type":"Pattern-Based","severity":"high","owasp":"A03:2021-Injection","code":"my $cmd  = $q->param(\"cmd\");"},{"severity":"medium","type":"Pattern-Based","owasp":"A03:2021-Injection","code":"my $redir = $q->param(\"next\");","cwe":"CWE-116","line":15,"issue":"Assignment of param() to Code Path Without Sanitization","file":"/home/kali/Documents/perl-sast-scanner/perlcode/finaltest/complex.pl","context":[{"highlight":false,"number":13,"code":"my $pass = $q->param(\"pass\");\n"},{"code":"my $cmd  = $q->param(\"cmd\");\n","number":14,"highlight":false},{"code":"my $redir = $q->param(\"next\");\n","highlight":true,"number":15},{"number":16,"highlight":false,"code":"\n"},{"code":"# ð Broken Authentication (no password check)\n","number":17,"highlight":false}],"id":"FIND-0006"},{"code":"if ($user eq 'admin') {","owasp":"A04:2021-Insecure Design","severity":"low","type":"Pattern-Based","id":"FIND-0007","cwe":"CWE-20","file":"/home/kali/Documents/perl-sast-scanner/perlcode/finaltest/complex.pl","issue":"No Input Validation Logic Present","line":18,"context":[{"code":"\n","number":16,"highlight":false},{"highlight":false,"number":17,"code":"# ð Broken Authentication (no password check)\n"},{"code":"if ($user eq 'admin') {\n","number":18,"highlight":true},{"number":19,"highlight":false,"code":"    print \"Welcome, admin\\n\";\n"},{"code":"}\n","number":20,"highlight":false}]},{"code":"open my $db, '>>', \"users.txt\";","variable":"$db","source":"param","line":26,"severity":"high","type":"Taint-Based","owasp":"A05:2021-Security Misconfiguration","sink":"open","id":"FIND-0008","cwe":"CWE-22","issue":"Path Traversal via open()","file":"/home/kali/Documents/perl-sast-scanner/perlcode/finaltest/complex.pl","context":[{"code":"\n","highlight":false,"number":24},{"number":25,"highlight":false,"code":"# ð¾ Plaintext password storage\n"},{"highlight":true,"number":26,"code":"open my $db, '>>', \"users.txt\";\n"},{"code":"print $db \"$user:$pass\\n\"; # CWE-256\n","highlight":false,"number":27},{"code":"close $db;\n","number":28,"highlight":false}]},{"code":"print $db \"$user:$pass\\n\"; # CWE-256","owasp":"A02:2021-Cryptographic Failures","type":"Pattern-Based","severity":"medium","id":"FIND-0009","line":27,"cwe":"CWE-522","issue":"Print Plaintext Credentials","file":"/home/kali/Documents/perl-sast-scanner/perlcode/finaltest/complex.pl","context":[{"highlight":false,"number":25,"code":"# ð¾ Plaintext password storage\n"},{"code":"open my $db, '>>', \"users.txt\";\n","highlight":false,"number":26},{"highlight":true,"number":27,"code":"print $db \"$user:$pass\\n\"; # CWE-256\n"},{"number":28,"highlight":false,"code":"close $db;\n"},{"code":"\n","number":29,"highlight":false}]},{"context":[{"code":"\n","number":29,"highlight":false},{"code":"# ð¥ Command Injection via backticks\n","highlight":false,"number":30},{"highlight":true,"number":31,"code":"my $output = `$cmd`;  # CWE-77\n"},{"code":"\n","highlight":false,"number":32},{"code":"# ð¥ Eval-based deserialization\n","number":33,"highlight":false}],"issue":"Command Injection via Backticks","cwe":"CWE-77","file":"/home/kali/Documents/perl-sast-scanner/perlcode/finaltest/complex.pl","line":31,"id":"FIND-0010","type":"Pattern-Based","severity":"high","owasp":"A03:2021-Injection","code":"my $output = `$cmd`;  # CWE-77"},{"type":"Pattern-Based","severity":"low","owasp":"A03:2021-Injection","code":"my $output = `$cmd`;  # CWE-77","context":[{"code":"\n","highlight":false,"number":29},{"code":"# ð¥ Command Injection via backticks\n","number":30,"highlight":false},{"highlight":true,"number":31,"code":"my $output = `$cmd`;  # CWE-77\n"},{"code":"\n","highlight":false,"number":32},{"number":33,"highlight":false,"code":"# ð¥ Eval-based deserialization\n"}],"file":"/home/kali/Documents/perl-sast-scanner/perlcode/finaltest/complex.pl","cwe":"CWE-88","issue":"Unquoted Shell Variable in backtick","line":31,"id":"FIND-0011"},{"code":"my $json = '{\"action\":\"run\",\"code\":\"system(\\\"ls\\\")\"}';","variable":"$json","source":"param","line":34,"severity":"high","type":"Taint-Based","owasp":"A03:2021-Injection","id":"FIND-0012","sink":"system","context":[{"highlight":false,"number":32,"code":"\n"},{"highlight":false,"number":33,"code":"# ð¥ Eval-based deserialization\n"},{"code":"my $json = '{\"action\":\"run\",\"code\":\"system(\\\"ls\\\")\"}';\n","number":34,"highlight":true},{"highlight":false,"number":35,"code":"my $parsed = decode_json($json);\n"},{"code":"my $code = $parsed->{code};\n","highlight":false,"number":36}],"file":"/home/kali/Documents/perl-sast-scanner/perlcode/finaltest/complex.pl","cwe":"CWE-78","issue":"Command Injection"},{"severity":"high","type":"Taint-Based","owasp":"A03:2021-Injection","id":"FIND-0013","sink":"eval","context":[{"code":"my $parsed = decode_json($json);\n","number":35,"highlight":false},{"number":36,"highlight":false,"code":"my $code = $parsed->{code};\n"},{"code":"eval($code); # CWE-94 / CWE-95\n","number":37,"highlight":true},{"number":38,"highlight":false,"code":"\n"},{"number":39,"highlight":false,"code":"# ð Race Condition\n"}],"cwe":"CWE-94","issue":"Code Injection via eval","file":"/home/kali/Documents/perl-sast-scanner/perlcode/finaltest/complex.pl","code":"eval($code); # CWE-94 / CWE-95","variable":"$code","source":"param","line":37},{"id":"FIND-0014","cwe":"CWE-95","issue":"Multiple evals in One Script (Security Smell)","line":37,"file":"/home/kali/Documents/perl-sast-scanner/perlcode/finaltest/complex.pl","context":[{"code":"my $parsed = decode_json($json);\n","highlight":false,"number":35},{"highlight":false,"number":36,"code":"my $code = $parsed->{code};\n"},{"highlight":true,"number":37,"code":"eval($code); # CWE-94 / CWE-95\n"},{"code":"\n","number":38,"highlight":false},{"code":"# ð Race Condition\n","highlight":false,"number":39}],"code":"eval($code); # CWE-94 / CWE-95","owasp":"A03:2021-Injection","type":"Pattern-Based","severity":"low"},{"code":"if (fork() == 0) {","type":"Pattern-Based","severity":"medium","owasp":"A05:2021-Security Misconfiguration","id":"FIND-0015","context":[{"highlight":false,"number":38,"code":"\n"},{"code":"# ð Race Condition\n","highlight":false,"number":39},{"number":40,"highlight":true,"code":"if (fork() == 0) {\n"},{"code":"    open my $shared, \">>\", \"race_file.txt\";\n","highlight":false,"number":41},{"highlight":false,"number":42,"code":"    print $shared \"child writing...\\n\";\n"}],"issue":"Race Condition via fork()","cwe":"CWE-362","file":"/home/kali/Documents/perl-sast-scanner/perlcode/finaltest/complex.pl","line":40},{"sink":"open","id":"FIND-0016","file":"/home/kali/Documents/perl-sast-scanner/perlcode/finaltest/complex.pl","cwe":"CWE-22","issue":"Path Traversal via open()","context":[{"code":"# ð Race Condition\n","number":39,"highlight":false},{"code":"if (fork() == 0) {\n","highlight":false,"number":40},{"code":"    open my $shared, \">>\", \"race_file.txt\";\n","highlight":true,"number":41},{"code":"    print $shared \"child writing...\\n\";\n","number":42,"highlight":false},{"code":"    close $shared;\n","highlight":false,"number":43}],"owasp":"A05:2021-Security Misconfiguration","severity":"high","type":"Taint-Based","source":"param","line":41,"code":"    open my $shared, \">>\", \"race_file.txt\";","variable":"$shared"},{"severity":"medium","type":"Pattern-Based","owasp":"A01:2021-Broken Access Control","code":"print \"<form method='POST' action='/submit'>Name: <input name='name'></form>\"; # CWE-352","context":[{"code":"\n","number":46,"highlight":false},{"highlight":false,"number":47,"code":"# â Missing CSRF Token in form\n"},{"highlight":true,"number":48,"code":"print \"<form method='POST' action='/submit'>Name: <input name='name'></form>\"; # CWE-352\n"},{"number":49,"highlight":false,"code":"\n"},{"highlight":false,"number":50,"code":"# ð¬ Weak Random\n"}],"cwe":"CWE-352","line":48,"issue":"Missing CSRF Protection (form)","file":"/home/kali/Documents/perl-sast-scanner/perlcode/finaltest/complex.pl","id":"FIND-0017"},{"context":[{"number":49,"highlight":false,"code":"\n"},{"code":"# ð¬ Weak Random\n","number":50,"highlight":false},{"number":51,"highlight":true,"code":"my $token = int(rand(10000));\n"},{"code":"\n","number":52,"highlight":false},{"code":"# ð¨ Use of MD5\n","highlight":false,"number":53}],"cwe":"CWE-338","issue":"Improper Random Generator (rand)","file":"/home/kali/Documents/perl-sast-scanner/perlcode/finaltest/complex.pl","line":51,"id":"FIND-0018","owasp":"A02:2021-Cryptographic Failures","severity":"medium","type":"Pattern-Based","code":"my $token = int(rand(10000));"},{"code":"my $digest = md5_hex($pass);","type":"Pattern-Based","severity":"medium","owasp":"A02:2021-Cryptographic Failures","id":"FIND-0019","context":[{"highlight":false,"number":52,"code":"\n"},{"number":53,"highlight":false,"code":"# ð¨ Use of MD5\n"},{"highlight":true,"number":54,"code":"my $digest = md5_hex($pass);\n"},{"code":"\n","number":55,"highlight":false},{"code":"# ð SSRF via LWP::UserAgent\n","highlight":false,"number":56}],"line":54,"cwe":"CWE-327","issue":"Use of MD5","file":"/home/kali/Documents/perl-sast-scanner/perlcode/finaltest/complex.pl"},{"id":"FIND-0020","context":[{"highlight":false,"number":64,"code":"my $substr = substr($pass, -999, 200); # CWE-119\n"},{"highlight":false,"number":65,"code":"\n"},{"highlight":true,"number":66,"code":"# ð§¨ chmod 777\n"},{"highlight":false,"number":67,"code":"chmod 0777, \"config.pl\"; # CWE-276\n"},{"number":68,"highlight":false,"code":"\n"}],"cwe":"CWE-276","issue":"Insecure File Permission (chmod 777)","line":66,"file":"/home/kali/Documents/perl-sast-scanner/perlcode/finaltest/complex.pl","code":"# ð§¨ chmod 777","owasp":"A05:2021-Security Misconfiguration","type":"Pattern-Based","severity":"high"},{"code":"chmod 0777, \"config.pl\"; # CWE-276","owasp":"A05:2021-Security Misconfiguration","type":"Pattern-Based","severity":"high","id":"FIND-0021","context":[{"highlight":false,"number":65,"code":"\n"},{"number":66,"highlight":false,"code":"# ð§¨ chmod 777\n"},{"code":"chmod 0777, \"config.pl\"; # CWE-276\n","highlight":true,"number":67},{"code":"\n","highlight":false,"number":68},{"code":"# ð¥ Insecure temp file\n","number":69,"highlight":false}],"line":67,"cwe":"CWE-276","issue":"Insecure File Permission (chmod 777)","file":"/home/kali/Documents/perl-sast-scanner/perlcode/finaltest/complex.pl"},{"owasp":"A05:2021-Security Misconfiguration","type":"Pattern-Based","severity":"medium","code":"my $temp = tmpnam();","context":[{"number":68,"highlight":false,"code":"\n"},{"code":"# ð¥ Insecure temp file\n","highlight":false,"number":69},{"code":"my $temp = tmpnam();\n","number":70,"highlight":true},{"number":71,"highlight":false,"code":"open my $tmp, '>', $temp;\n"},{"code":"print $tmp \"temp content\";\n","number":72,"highlight":false}],"line":70,"cwe":"CWE-377","issue":"Insecure Temporary File Creation","file":"/home/kali/Documents/perl-sast-scanner/perlcode/finaltest/complex.pl","id":"FIND-0022"},{"variable":"$tmp","code":"open my $tmp, '>', $temp;","line":71,"source":"param","owasp":"A05:2021-Security Misconfiguration","type":"Taint-Based","severity":"high","context":[{"code":"# ð¥ Insecure temp file\n","highlight":false,"number":69},{"code":"my $temp = tmpnam();\n","highlight":false,"number":70},{"number":71,"highlight":true,"code":"open my $tmp, '>', $temp;\n"},{"number":72,"highlight":false,"code":"print $tmp \"temp content\";\n"},{"highlight":false,"number":73,"code":"close $tmp;\n"}],"issue":"Path Traversal via open()","cwe":"CWE-22","file":"/home/kali/Documents/perl-sast-scanner/perlcode/finaltest/complex.pl","id":"FIND-0023","sink":"open"},{"owasp":"A07:2021-Identification and Authentication Failures","type":"Pattern-Based","severity":"low","code":"sub validate {","context":[{"highlight":false,"number":74,"code":"\n"},{"number":75,"highlight":false,"code":"# ð¤¡ Fake validation logic\n"},{"code":"sub validate {\n","number":76,"highlight":true},{"highlight":false,"number":77,"code":"    my ($input) = @_;\n"},{"number":78,"highlight":false,"code":"    return 1 if $input =~ /.*admin.*/;  # CWE-1333: Weak Regex\n"}],"issue":"Suspicious Subroutine Without Auth Check","cwe":"CWE-778","line":76,"file":"/home/kali/Documents/perl-sast-scanner/perlcode/finaltest/complex.pl","id":"FIND-0024"},{"id":"FIND-0025","file":"/home/kali/Documents/perl-sast-scanner/perlcode/finaltest/complex.pl","cwe":"CWE-778","issue":"Suspicious Subroutine Ã¢ÂÂ No Auth/Validation","line":76,"context":[{"number":74,"highlight":false,"code":"\n"},{"code":"# ð¤¡ Fake validation logic\n","number":75,"highlight":false},{"code":"sub validate {\n","highlight":true,"number":76},{"code":"    my ($input) = @_;\n","highlight":false,"number":77},{"code":"    return 1 if $input =~ /.*admin.*/;  # CWE-1333: Weak Regex\n","number":78,"highlight":false}],"code":"sub validate {","owasp":"A07:2021-Identification and Authentication Failures","type":"Structural","severity":"low"},{"context":[{"code":"sub validate {\n","highlight":false,"number":76},{"number":77,"highlight":false,"code":"    my ($input) = @_;\n"},{"number":78,"highlight":true,"code":"    return 1 if $input =~ /.*admin.*/;  # CWE-1333: Weak Regex\n"},{"highlight":false,"number":79,"code":"    return 0;\n"},{"number":80,"highlight":false,"code":"}\n"}],"cwe":"CWE-1333","file":"/home/kali/Documents/perl-sast-scanner/perlcode/finaltest/complex.pl","issue":"Weak Input Regex Validation","line":78,"id":"FIND-0026","type":"Pattern-Based","severity":"low","owasp":"A04:2021-Insecure Design","code":"    return 1 if $input =~ /.*admin.*/;  # CWE-1333: Weak Regex"},{"cwe":"CWE-327","line":6,"issue":"Use of MD5","file":"/home/kali/Documents/perl-sast-scanner/perlcode/finaltest/blatant.pl","context":[{"number":4,"highlight":false,"code":"use CGI;\n"},{"number":5,"highlight":false,"code":"use LWP::UserAgent;\n"},{"code":"use Digest::MD5 qw(md5_hex);               # CWE-327: Use of MD5\n","number":6,"highlight":true},{"highlight":false,"number":7,"code":"use Data::Dumper;                          # CWE-117: Debug Module Enabled\n"},{"code":"use Crypt::DES;                            # CWE-327: Weak Cipher\n","number":8,"highlight":false}],"id":"FIND-0027","owasp":"A02:2021-Cryptographic Failures","severity":"medium","type":"Pattern-Based","code":"use Digest::MD5 qw(md5_hex);               # CWE-327: Use of MD5"},{"code":"use Crypt::DES;                            # CWE-327: Weak Cipher","owasp":"A02:2021-Cryptographic Failures","type":"Pattern-Based","severity":"medium","id":"FIND-0028","cwe":"CWE-327","issue":"Use of Insecure Cipher (DES)","line":8,"file":"/home/kali/Documents/perl-sast-scanner/perlcode/finaltest/blatant.pl","context":[{"number":6,"highlight":false,"code":"use Digest::MD5 qw(md5_hex);               # CWE-327: Use of MD5\n"},{"highlight":false,"number":7,"code":"use Data::Dumper;                          # CWE-117: Debug Module Enabled\n"},{"number":8,"highlight":true,"code":"use Crypt::DES;                            # CWE-327: Weak Cipher\n"},{"code":"use JSON;\n","number":9,"highlight":false},{"highlight":false,"number":10,"code":"use Fcntl qw(:DEFAULT :flock);\n"}]},{"code":"my $admin_password = \"SuperSecret123\";","owasp":"A07:2021-Identification and Authentication Failures","type":"Pattern-Based","severity":"high","id":"FIND-0029","context":[{"highlight":false,"number":12,"code":"\n"},{"number":13,"highlight":false,"code":"# CWE-798: Hardcoded credentials\n"},{"number":14,"highlight":true,"code":"my $admin_password = \"SuperSecret123\";\n"},{"number":15,"highlight":false,"code":"my $api_key = \"apikey12345678\";\n"},{"number":16,"highlight":false,"code":"\n"}],"cwe":"CWE-798","line":14,"issue":"Hardcoded Password","file":"/home/kali/Documents/perl-sast-scanner/perlcode/finaltest/blatant.pl"},{"code":"my $api_key = \"apikey12345678\";","owasp":"A02:2021-Cryptographic Failures","severity":"high","type":"Pattern-Based","id":"FIND-0030","file":"/home/kali/Documents/perl-sast-scanner/perlcode/finaltest/blatant.pl","cwe":"CWE-798","issue":"Hardcoded Secret/API Key","line":15,"context":[{"code":"# CWE-798: Hardcoded credentials\n","highlight":false,"number":13},{"highlight":false,"number":14,"code":"my $admin_password = \"SuperSecret123\";\n"},{"highlight":true,"number":15,"code":"my $api_key = \"apikey12345678\";\n"},{"code":"\n","highlight":false,"number":16},{"code":"# CWE-538: Exposed config file\n","number":17,"highlight":false}]},{"code":"require \"./config.pl\";","owasp":"A05:2021-Security Misconfiguration","type":"Pattern-Based","severity":"medium","id":"FIND-0031","line":18,"cwe":"CWE-829","issue":"Config File Inclusion","file":"/home/kali/Documents/perl-sast-scanner/perlcode/finaltest/blatant.pl","context":[{"number":16,"highlight":false,"code":"\n"},{"number":17,"highlight":false,"code":"# CWE-538: Exposed config file\n"},{"code":"require \"./config.pl\";\n","number":18,"highlight":true},{"code":"\n","number":19,"highlight":false},{"highlight":false,"number":20,"code":"# User input sources\n"}]},{"code":"my $input = $q->param('input');            # CWE-20: Unvalidated input","severity":"medium","type":"Pattern-Based","owasp":"A03:2021-Injection","id":"FIND-0032","issue":"Assignment of param() to Code Path Without Sanitization","cwe":"CWE-116","line":22,"file":"/home/kali/Documents/perl-sast-scanner/perlcode/finaltest/blatant.pl","context":[{"number":20,"highlight":false,"code":"# User input sources\n"},{"number":21,"highlight":false,"code":"my $q = CGI->new;\n"},{"code":"my $input = $q->param('input');            # CWE-20: Unvalidated input\n","highlight":true,"number":22},{"highlight":false,"number":23,"code":"my $file = $q->param('file');\n"},{"code":"my $cmd = $q->param('cmd');\n","highlight":false,"number":24}]},{"code":"my $file = $q->param('file');","owasp":"A03:2021-Injection","type":"Pattern-Based","severity":"medium","id":"FIND-0033","context":[{"code":"my $q = CGI->new;\n","number":21,"highlight":false},{"number":22,"highlight":false,"code":"my $input = $q->param('input');            # CWE-20: Unvalidated input\n"},{"code":"my $file = $q->param('file');\n","number":23,"highlight":true},{"code":"my $cmd = $q->param('cmd');\n","highlight":false,"number":24},{"code":"my $user = $q->param('user');\n","highlight":false,"number":25}],"cwe":"CWE-116","file":"/home/kali/Documents/perl-sast-scanner/perlcode/finaltest/blatant.pl","issue":"Assignment of param() to Code Path Without Sanitization","line":23},{"owasp":"A03:2021-Injection","type":"Pattern-Based","severity":"medium","code":"my $cmd = $q->param('cmd');","file":"/home/kali/Documents/perl-sast-scanner/perlcode/finaltest/blatant.pl","cwe":"CWE-116","issue":"Assignment of param() to Code Path Without Sanitization","line":24,"context":[{"highlight":false,"number":22,"code":"my $input = $q->param('input');            # CWE-20: Unvalidated input\n"},{"code":"my $file = $q->param('file');\n","highlight":false,"number":23},{"highlight":true,"number":24,"code":"my $cmd = $q->param('cmd');\n"},{"code":"my $user = $q->param('user');\n","number":25,"highlight":false},{"code":"my $pass = $q->param('pass');\n","highlight":false,"number":26}],"id":"FIND-0034"},{"code":"my $cmd = $q->param('cmd');","severity":"high","type":"Pattern-Based","owasp":"A03:2021-Injection","id":"FIND-0035","cwe":"CWE-78","file":"/home/kali/Documents/perl-sast-scanner/perlcode/finaltest/blatant.pl","issue":"Command Injection via Indirect Variable Assignment","line":24,"context":[{"number":22,"highlight":false,"code":"my $input = $q->param('input');            # CWE-20: Unvalidated input\n"},{"code":"my $file = $q->param('file');\n","highlight":false,"number":23},{"number":24,"highlight":true,"code":"my $cmd = $q->param('cmd');\n"},{"code":"my $user = $q->param('user');\n","highlight":false,"number":25},{"number":26,"highlight":false,"code":"my $pass = $q->param('pass');\n"}]},{"code":"my $user = $q->param('user');","type":"Pattern-Based","severity":"medium","owasp":"A03:2021-Injection","id":"FIND-0036","context":[{"number":23,"highlight":false,"code":"my $file = $q->param('file');\n"},{"number":24,"highlight":false,"code":"my $cmd = $q->param('cmd');\n"},{"number":25,"highlight":true,"code":"my $user = $q->param('user');\n"},{"code":"my $pass = $q->param('pass');\n","highlight":false,"number":26},{"number":27,"highlight":false,"code":"\n"}],"issue":"Assignment of param() to Code Path Without Sanitization","cwe":"CWE-116","line":25,"file":"/home/kali/Documents/perl-sast-scanner/perlcode/finaltest/blatant.pl"},{"owasp":"A03:2021-Injection","type":"Pattern-Based","severity":"medium","code":"my $pass = $q->param('pass');","context":[{"number":24,"highlight":false,"code":"my $cmd = $q->param('cmd');\n"},{"code":"my $user = $q->param('user');\n","highlight":false,"number":25},{"code":"my $pass = $q->param('pass');\n","number":26,"highlight":true},{"number":27,"highlight":false,"code":"\n"},{"code":"# CWE-703: Improper Exception Handling\n","number":28,"highlight":false}],"cwe":"CWE-116","file":"/home/kali/Documents/perl-sast-scanner/perlcode/finaltest/blatant.pl","issue":"Assignment of param() to Code Path Without Sanitization","line":26,"id":"FIND-0037"},{"type":"Taint-Based","severity":"high","owasp":"A03:2021-Injection","sink":"eval","id":"FIND-0038","cwe":"CWE-94","file":"/home/kali/Documents/perl-sast-scanner/perlcode/finaltest/blatant.pl","issue":"Code Injection via eval","context":[{"highlight":false,"number":27,"code":"\n"},{"number":28,"highlight":false,"code":"# CWE-703: Improper Exception Handling\n"},{"highlight":true,"number":29,"code":"eval {\n"},{"code":"    my $risky = risky_function($input);\n","number":30,"highlight":false},{"number":31,"highlight":false,"code":"};\n"}],"code":"eval {","variable":"","source":"param","line":29},{"severity":"medium","type":"Structural","owasp":"A09:2021-Logging and Monitoring Failures","code":"eval {","issue":"Eval Block Ã¢ÂÂ No Error Handling","cwe":"CWE-703","file":"/home/kali/Documents/perl-sast-scanner/perlcode/finaltest/blatant.pl","line":29,"context":[{"number":27,"highlight":false,"code":"\n"},{"code":"# CWE-703: Improper Exception Handling\n","number":28,"highlight":false},{"number":29,"highlight":true,"code":"eval {\n"},{"code":"    my $risky = risky_function($input);\n","number":30,"highlight":false},{"code":"};\n","number":31,"highlight":false}],"id":"FIND-0039"},{"line":35,"cwe":"CWE-476","issue":"NULL Dereference Risk","file":"/home/kali/Documents/perl-sast-scanner/perlcode/finaltest/blatant.pl","context":[{"highlight":false,"number":33,"code":"# CWE-476: NULL Dereference\n"},{"highlight":false,"number":34,"code":"my $undef_var;\n"},{"highlight":true,"number":35,"code":"print length($undef_var);                  # Null deref risk\n"},{"highlight":false,"number":36,"code":"\n"},{"code":"# CWE-190: Integer overflow\n","highlight":false,"number":37}],"id":"FIND-0040","severity":"low","type":"Pattern-Based","owasp":"A09:2021-Logging and Monitoring Failures","code":"print length($undef_var);                  # Null deref risk"},{"severity":"high","type":"Pattern-Based","owasp":"A03:2021-Injection","code":"my $result = `$cmd`;                       # Dangerous if $cmd is not validated","issue":"Command Injection via Backticks","cwe":"CWE-77","file":"/home/kali/Documents/perl-sast-scanner/perlcode/finaltest/blatant.pl","line":47,"context":[{"number":45,"highlight":false,"code":"\n"},{"number":46,"highlight":false,"code":"# CWE-77: Command Injection via backticks\n"},{"highlight":true,"number":47,"code":"my $result = `$cmd`;                       # Dangerous if $cmd is not validated\n"},{"number":48,"highlight":false,"code":"\n"},{"highlight":false,"number":49,"code":"# CWE-78: Unescaped user input in command\n"}],"id":"FIND-0041"},{"id":"FIND-0042","context":[{"code":"\n","number":45,"highlight":false},{"highlight":false,"number":46,"code":"# CWE-77: Command Injection via backticks\n"},{"number":47,"highlight":true,"code":"my $result = `$cmd`;                       # Dangerous if $cmd is not validated\n"},{"highlight":false,"number":48,"code":"\n"},{"number":49,"highlight":false,"code":"# CWE-78: Unescaped user input in command\n"}],"line":47,"cwe":"CWE-88","issue":"Unquoted Shell Variable in backtick","file":"/home/kali/Documents/perl-sast-scanner/perlcode/finaltest/blatant.pl","code":"my $result = `$cmd`;                       # Dangerous if $cmd is not validated","owasp":"A03:2021-Injection","severity":"low","type":"Pattern-Based"},{"variable":"$input","code":"system(\"ping $input\");","line":50,"source":"param","owasp":"A03:2021-Injection","type":"Taint-Based","severity":"high","context":[{"code":"\n","highlight":false,"number":48},{"highlight":false,"number":49,"code":"# CWE-78: Unescaped user input in command\n"},{"number":50,"highlight":true,"code":"system(\"ping $input\");\n"},{"code":"\n","number":51,"highlight":false},{"number":52,"highlight":false,"code":"# CWE-73 + CWE-22: Direct file access + Path traversal\n"}],"cwe":"CWE-78","file":"/home/kali/Documents/perl-sast-scanner/perlcode/finaltest/blatant.pl","issue":"Command Injection","id":"FIND-0043","sink":"system"},{"code":"open(my $fh, \"<\", $file) or die \"Can't open $file\";","variable":"$fh","source":"param","line":53,"owasp":"A05:2021-Security Misconfiguration","severity":"high","type":"Taint-Based","id":"FIND-0044","sink":"open","context":[{"highlight":false,"number":51,"code":"\n"},{"highlight":false,"number":52,"code":"# CWE-73 + CWE-22: Direct file access + Path traversal\n"},{"code":"open(my $fh, \"<\", $file) or die \"Can't open $file\";\n","number":53,"highlight":true},{"number":54,"highlight":false,"code":"\n"},{"code":"# CWE-434: Unrestricted File Upload\n","number":55,"highlight":false}],"file":"/home/kali/Documents/perl-sast-scanner/perlcode/finaltest/blatant.pl","cwe":"CWE-22","issue":"Path Traversal via open()"},{"owasp":"A05:2021-Security Misconfiguration","type":"Pattern-Based","severity":"low","code":"open(my $fh, \"<\", $file) or die \"Can't open $file\";","cwe":"CWE-20","line":53,"issue":"Unquoted open() filename","file":"/home/kali/Documents/perl-sast-scanner/perlcode/finaltest/blatant.pl","context":[{"code":"\n","number":51,"highlight":false},{"code":"# CWE-73 + CWE-22: Direct file access + Path traversal\n","highlight":false,"number":52},{"code":"open(my $fh, \"<\", $file) or die \"Can't open $file\";\n","highlight":true,"number":53},{"number":54,"highlight":false,"code":"\n"},{"highlight":false,"number":55,"code":"# CWE-434: Unrestricted File Upload\n"}],"id":"FIND-0045"},{"id":"FIND-0046","issue":"Dangerous Use of open() Without Mode Restrictions","cwe":"CWE-22","file":"/home/kali/Documents/perl-sast-scanner/perlcode/finaltest/blatant.pl","line":53,"context":[{"code":"\n","highlight":false,"number":51},{"number":52,"highlight":false,"code":"# CWE-73 + CWE-22: Direct file access + Path traversal\n"},{"highlight":true,"number":53,"code":"open(my $fh, \"<\", $file) or die \"Can't open $file\";\n"},{"highlight":false,"number":54,"code":"\n"},{"code":"# CWE-434: Unrestricted File Upload\n","highlight":false,"number":55}],"code":"open(my $fh, \"<\", $file) or die \"Can't open $file\";","owasp":"A05:2021-Security Misconfiguration","severity":"medium","type":"Pattern-Based"},{"code":"open(my $fh, \"<\", $file) or die \"Can't open $file\";","severity":"low","type":"Pattern-Based","owasp":"A05:2021-Security Misconfiguration","id":"FIND-0047","cwe":"CWE-22","issue":"Unvalidated open() Call with Mode","file":"/home/kali/Documents/perl-sast-scanner/perlcode/finaltest/blatant.pl","line":53,"context":[{"number":51,"highlight":false,"code":"\n"},{"code":"# CWE-73 + CWE-22: Direct file access + Path traversal\n","highlight":false,"number":52},{"code":"open(my $fh, \"<\", $file) or die \"Can't open $file\";\n","number":53,"highlight":true},{"highlight":false,"number":54,"code":"\n"},{"code":"# CWE-434: Unrestricted File Upload\n","highlight":false,"number":55}]},{"owasp":"A05:2021-Security Misconfiguration","severity":"medium","type":"Structural","code":"open(my $fh, \"<\", $file) or die \"Can't open $file\";","context":[{"code":"\n","number":51,"highlight":false},{"number":52,"highlight":false,"code":"# CWE-73 + CWE-22: Direct file access + Path traversal\n"},{"code":"open(my $fh, \"<\", $file) or die \"Can't open $file\";\n","highlight":true,"number":53},{"code":"\n","highlight":false,"number":54},{"highlight":false,"number":55,"code":"# CWE-434: Unrestricted File Upload\n"}],"issue":"Insecure File Open Ã¢ÂÂ Path from Variable","cwe":"CWE-73","file":"/home/kali/Documents/perl-sast-scanner/perlcode/finaltest/blatant.pl","line":53,"id":"FIND-0048"},{"id":"FIND-0049","file":"/home/kali/Documents/perl-sast-scanner/perlcode/finaltest/blatant.pl","cwe":"CWE-434","issue":"Unrestricted File Upload","line":56,"context":[{"code":"\n","number":54,"highlight":false},{"highlight":false,"number":55,"code":"# CWE-434: Unrestricted File Upload\n"},{"code":"my $upload = $q->upload('file');          # No checks on upload\n","highlight":true,"number":56},{"code":"\n","highlight":false,"number":57},{"code":"# CWE-94 + CWE-95: Eval from input\n","highlight":false,"number":58}],"code":"my $upload = $q->upload('file');          # No checks on upload","owasp":"A08:2021-Software and Data Integrity Failures","type":"Pattern-Based","severity":"high"},{"severity":"high","type":"Taint-Based","owasp":"A03:2021-Injection","sink":"eval","id":"FIND-0050","issue":"Code Injection via eval","cwe":"CWE-94","file":"/home/kali/Documents/perl-sast-scanner/perlcode/finaltest/blatant.pl","context":[{"highlight":false,"number":57,"code":"\n"},{"code":"# CWE-94 + CWE-95: Eval from input\n","number":58,"highlight":false},{"highlight":true,"number":59,"code":"eval($input);\n"},{"code":"\n","number":60,"highlight":false},{"number":61,"highlight":false,"code":"# CWE-502: Deserialization of untrusted data\n"}],"code":"eval($input);","variable":"$input","source":"param","line":59},{"issue":"Multiple evals in One Script (Security Smell)","cwe":"CWE-95","file":"/home/kali/Documents/perl-sast-scanner/perlcode/finaltest/blatant.pl","line":59,"context":[{"number":57,"highlight":false,"code":"\n"},{"highlight":false,"number":58,"code":"# CWE-94 + CWE-95: Eval from input\n"},{"code":"eval($input);\n","highlight":true,"number":59},{"code":"\n","highlight":false,"number":60},{"number":61,"highlight":false,"code":"# CWE-502: Deserialization of untrusted data\n"}],"id":"FIND-0051","severity":"low","type":"Pattern-Based","owasp":"A03:2021-Injection","code":"eval($input);"},{"id":"FIND-0052","context":[{"number":60,"highlight":false,"code":"\n"},{"number":61,"highlight":false,"code":"# CWE-502: Deserialization of untrusted data\n"},{"number":62,"highlight":true,"code":"my $json = $q->param('json');\n"},{"number":63,"highlight":false,"code":"my $decoded = eval { decode_json($json) };  # No validation\n"},{"number":64,"highlight":false,"code":"\n"}],"cwe":"CWE-116","line":62,"issue":"Assignment of param() to Code Path Without Sanitization","file":"/home/kali/Documents/perl-sast-scanner/perlcode/finaltest/blatant.pl","code":"my $json = $q->param('json');","owasp":"A03:2021-Injection","type":"Pattern-Based","severity":"medium"},{"line":63,"source":"param","variable":"$decoded","code":"my $decoded = eval { decode_json($json) };  # No validation","cwe":"CWE-94","file":"/home/kali/Documents/perl-sast-scanner/perlcode/finaltest/blatant.pl","issue":"Code Injection via eval","context":[{"code":"# CWE-502: Deserialization of untrusted data\n","number":61,"highlight":false},{"number":62,"highlight":false,"code":"my $json = $q->param('json');\n"},{"code":"my $decoded = eval { decode_json($json) };  # No validation\n","highlight":true,"number":63},{"code":"\n","number":64,"highlight":false},{"code":"# CWE-601: Unvalidated Redirect\n","number":65,"highlight":false}],"sink":"eval","id":"FIND-0053","owasp":"A03:2021-Injection","type":"Taint-Based","severity":"high"},{"severity":"medium","type":"Pattern-Based","owasp":"A09:2021-Logging and Monitoring Failures","code":"my $decoded = eval { decode_json($json) };  # No validation","line":63,"cwe":"CWE-703","issue":"Silent Eval Block (No Error Handling)","file":"/home/kali/Documents/perl-sast-scanner/perlcode/finaltest/blatant.pl","context":[{"number":61,"highlight":false,"code":"# CWE-502: Deserialization of untrusted data\n"},{"code":"my $json = $q->param('json');\n","highlight":false,"number":62},{"code":"my $decoded = eval { decode_json($json) };  # No validation\n","highlight":true,"number":63},{"number":64,"highlight":false,"code":"\n"},{"code":"# CWE-601: Unvalidated Redirect\n","number":65,"highlight":false}],"id":"FIND-0054"},{"issue":"Unescaped Decode JSON Eval","cwe":"CWE-502","file":"/home/kali/Documents/perl-sast-scanner/perlcode/finaltest/blatant.pl","line":63,"context":[{"code":"# CWE-502: Deserialization of untrusted data\n","highlight":false,"number":61},{"highlight":false,"number":62,"code":"my $json = $q->param('json');\n"},{"code":"my $decoded = eval { decode_json($json) };  # No validation\n","highlight":true,"number":63},{"code":"\n","highlight":false,"number":64},{"number":65,"highlight":false,"code":"# CWE-601: Unvalidated Redirect\n"}],"id":"FIND-0055","type":"Pattern-Based","severity":"low","owasp":"A04:2021-Insecure Design","code":"my $decoded = eval { decode_json($json) };  # No validation"},{"cwe":"CWE-703","line":63,"issue":"Silent eval{} Block with No Error Handling","file":"/home/kali/Documents/perl-sast-scanner/perlcode/finaltest/blatant.pl","context":[{"code":"# CWE-502: Deserialization of untrusted data\n","highlight":false,"number":61},{"highlight":false,"number":62,"code":"my $json = $q->param('json');\n"},{"highlight":true,"number":63,"code":"my $decoded = eval { decode_json($json) };  # No validation\n"},{"code":"\n","number":64,"highlight":false},{"code":"# CWE-601: Unvalidated Redirect\n","number":65,"highlight":false}],"id":"FIND-0056","owasp":"A09:2021-Logging and Monitoring Failures","severity":"low","type":"Pattern-Based","code":"my $decoded = eval { decode_json($json) };  # No validation"},{"id":"FIND-0057","context":[{"code":"\n","number":64,"highlight":false},{"code":"# CWE-601: Unvalidated Redirect\n","number":65,"highlight":false},{"number":66,"highlight":true,"code":"my $redir = $q->param('redir');\n"},{"code":"print $q->redirect($redir);               # No domain whitelist\n","highlight":false,"number":67},{"highlight":false,"number":68,"code":"\n"}],"line":66,"cwe":"CWE-116","issue":"Assignment of param() to Code Path Without Sanitization","file":"/home/kali/Documents/perl-sast-scanner/perlcode/finaltest/blatant.pl","code":"my $redir = $q->param('redir');","type":"Pattern-Based","severity":"medium","owasp":"A03:2021-Injection"},{"context":[{"code":"\n","number":68,"highlight":false},{"code":"# CWE-287: Broken Authentication\n","highlight":false,"number":69},{"highlight":true,"number":70,"code":"if ($user eq 'admin') {                   # No password check\n"},{"code":"    print \"Logged in as admin\\n\";\n","number":71,"highlight":false},{"code":"}\n","highlight":false,"number":72}],"issue":"No Input Validation Logic Present","cwe":"CWE-20","line":70,"file":"/home/kali/Documents/perl-sast-scanner/perlcode/finaltest/blatant.pl","id":"FIND-0058","type":"Pattern-Based","severity":"low","owasp":"A04:2021-Insecure Design","code":"if ($user eq 'admin') {                   # No password check"},{"code":"chmod(0777, \"./sensitive.txt\");","owasp":"A05:2021-Security Misconfiguration","type":"Pattern-Based","severity":"high","id":"FIND-0059","context":[{"number":83,"highlight":false,"code":"\n"},{"code":"# CWE-276: Incorrect permissions\n","highlight":false,"number":84},{"code":"chmod(0777, \"./sensitive.txt\");\n","number":85,"highlight":true},{"code":"\n","highlight":false,"number":86},{"number":87,"highlight":false,"code":"# CWE-276: Permissive umask\n"}],"cwe":"CWE-276","line":85,"issue":"Insecure File Permission (chmod 777)","file":"/home/kali/Documents/perl-sast-scanner/perlcode/finaltest/blatant.pl"},{"cwe":"CWE-276","issue":"Excessive Permission (umask 0000)","file":"/home/kali/Documents/perl-sast-scanner/perlcode/finaltest/blatant.pl","line":88,"context":[{"highlight":false,"number":86,"code":"\n"},{"code":"# CWE-276: Permissive umask\n","highlight":false,"number":87},{"code":"umask(0000);\n","number":88,"highlight":true},{"highlight":false,"number":89,"code":"\n"},{"number":90,"highlight":false,"code":"# CWE-256: Plaintext credential storage\n"}],"id":"FIND-0060","owasp":"A05:2021-Security Misconfiguration","type":"Pattern-Based","severity":"high","code":"umask(0000);"},{"code":"sub login {","owasp":"A07:2021-Identification and Authentication Failures","severity":"low","type":"Pattern-Based","id":"FIND-0061","context":[{"code":"\n","highlight":false,"number":92},{"highlight":false,"number":93,"code":"# CWE-778: Missing auth logs\n"},{"number":94,"highlight":true,"code":"sub login {\n"},{"code":"    print \"Login logic here\\n\";           # No logging\n","number":95,"highlight":false},{"highlight":false,"number":96,"code":"}\n"}],"line":94,"cwe":"CWE-778","issue":"Suspicious Subroutine Without Auth Check","file":"/home/kali/Documents/perl-sast-scanner/perlcode/finaltest/blatant.pl"},{"file":"/home/kali/Documents/perl-sast-scanner/perlcode/finaltest/blatant.pl","cwe":"CWE-209","issue":"Error Disclosure via die()","line":99,"context":[{"code":"\n","highlight":false,"number":97},{"code":"# CWE-209: Error message leakage\n","number":98,"highlight":false},{"code":"die(\"Failed to process user: $user\");     # Leaks input\n","highlight":true,"number":99},{"number":100,"highlight":false,"code":"\n"},{"code":"# CWE-116: XSS from output\n","highlight":false,"number":101}],"id":"FIND-0062","severity":"low","type":"Pattern-Based","owasp":"A06:2021-Vulnerable and Outdated Components","code":"die(\"Failed to process user: $user\");     # Leaks input"},{"id":"FIND-0063","context":[{"code":"\n","number":100,"highlight":false},{"highlight":false,"number":101,"code":"# CWE-116: XSS from output\n"},{"highlight":true,"number":102,"code":"print $q->param(\"name\");                  # No HTML escaping\n"},{"number":103,"highlight":false,"code":"\n"},{"code":"# CWE-117: Improper neutralization in logs\n","highlight":false,"number":104}],"issue":"XSS via direct print of param","cwe":"CWE-79","file":"/home/kali/Documents/perl-sast-scanner/perlcode/finaltest/blatant.pl","line":102,"code":"print $q->param(\"name\");                  # No HTML escaping","owasp":"A03:2021-Injection","type":"Pattern-Based","severity":"high"},{"type":"Pattern-Based","severity":"medium","owasp":"A09:2021-Logging and Monitoring Failures","code":"print $q->param(\"name\");                  # No HTML escaping","cwe":"CWE-117","file":"/home/kali/Documents/perl-sast-scanner/perlcode/finaltest/blatant.pl","issue":"Print User Input to Console","line":102,"context":[{"code":"\n","number":100,"highlight":false},{"highlight":false,"number":101,"code":"# CWE-116: XSS from output\n"},{"highlight":true,"number":102,"code":"print $q->param(\"name\");                  # No HTML escaping\n"},{"highlight":false,"number":103,"code":"\n"},{"highlight":false,"number":104,"code":"# CWE-117: Improper neutralization in logs\n"}],"id":"FIND-0064"},{"owasp":"A05:2021-Security Misconfiguration","severity":"medium","type":"Pattern-Based","code":"my $tmp = tmpnam();","line":109,"cwe":"CWE-377","issue":"Insecure Temporary File Creation","file":"/home/kali/Documents/perl-sast-scanner/perlcode/finaltest/blatant.pl","context":[{"highlight":false,"number":107,"code":"\n"},{"number":108,"highlight":false,"code":"# CWE-377: Insecure temporary file creation\n"},{"code":"my $tmp = tmpnam();\n","number":109,"highlight":true},{"code":"open my $tfh, \">\", $tmp;\n","highlight":false,"number":110},{"number":111,"highlight":false,"code":"\n"}],"id":"FIND-0065"},{"owasp":"A05:2021-Security Misconfiguration","type":"Taint-Based","severity":"high","cwe":"CWE-22","file":"/home/kali/Documents/perl-sast-scanner/perlcode/finaltest/blatant.pl","issue":"Path Traversal via open()","context":[{"code":"# CWE-377: Insecure temporary file creation\n","highlight":false,"number":108},{"highlight":false,"number":109,"code":"my $tmp = tmpnam();\n"},{"number":110,"highlight":true,"code":"open my $tfh, \">\", $tmp;\n"},{"code":"\n","number":111,"highlight":false},{"code":"# CWE-362: Race condition\n","number":112,"highlight":false}],"sink":"open","id":"FIND-0066","variable":"$tfh","code":"open my $tfh, \">\", $tmp;","line":110,"source":"param"},{"owasp":"A05:2021-Security Misconfiguration","type":"Pattern-Based","severity":"medium","code":"if (fork() == 0) {","issue":"Race Condition via fork()","cwe":"CWE-362","file":"/home/kali/Documents/perl-sast-scanner/perlcode/finaltest/blatant.pl","line":113,"context":[{"number":111,"highlight":false,"code":"\n"},{"code":"# CWE-362: Race condition\n","highlight":false,"number":112},{"highlight":true,"number":113,"code":"if (fork() == 0) {\n"},{"code":"    print \"Child process doing stuff\\n\";\n","number":114,"highlight":false},{"highlight":false,"number":115,"code":"    exit;\n"}],"id":"FIND-0067"},{"code":"my $digest = md5_hex($pass);","severity":"medium","type":"Pattern-Based","owasp":"A02:2021-Cryptographic Failures","id":"FIND-0068","context":[{"code":"\n","highlight":false,"number":117},{"code":"# CWE-327: Use of MD5\n","highlight":false,"number":118},{"code":"my $digest = md5_hex($pass);\n","number":119,"highlight":true},{"highlight":false,"number":120,"code":"\n"},{"code":"# CWE-338: Weak random number\n","number":121,"highlight":false}],"issue":"Use of MD5","cwe":"CWE-327","file":"/home/kali/Documents/perl-sast-scanner/perlcode/finaltest/blatant.pl","line":119},{"id":"FIND-0069","context":[{"highlight":false,"number":120,"code":"\n"},{"code":"# CWE-338: Weak random number\n","highlight":false,"number":121},{"number":122,"highlight":true,"code":"my $token = int(rand(1000000));\n"},{"number":123,"highlight":false,"code":"\n"},{"code":"# CWE-1333: Weak input regex\n","highlight":false,"number":124}],"cwe":"CWE-338","file":"/home/kali/Documents/perl-sast-scanner/perlcode/finaltest/blatant.pl","issue":"Improper Random Generator (rand)","line":122,"code":"my $token = int(rand(1000000));","type":"Pattern-Based","severity":"medium","owasp":"A02:2021-Cryptographic Failures"},{"id":"FIND-0070","context":[{"code":"\n","highlight":false,"number":128},{"code":"# CWE-352: Missing CSRF token\n","number":129,"highlight":false},{"code":"print \"<form action='/submit' method='POST'>\";  # No CSRF token\n","number":130,"highlight":true},{"highlight":false,"number":131,"code":"print \"<input name='data'>\";\n"},{"code":"print \"</form>\";\n","highlight":false,"number":132}],"line":130,"cwe":"CWE-352","issue":"Missing CSRF Protection (form)","file":"/home/kali/Documents/perl-sast-scanner/perlcode/finaltest/blatant.pl","code":"print \"<form action='/submit' method='POST'>\";  # No CSRF token","type":"Pattern-Based","severity":"medium","owasp":"A01:2021-Broken Access Control"},{"code":"if ($api_key eq \"apikey12345678\") {","owasp":"A04:2021-Insecure Design","type":"Pattern-Based","severity":"low","id":"FIND-0071","cwe":"CWE-20","line":135,"issue":"No Input Validation Logic Present","file":"/home/kali/Documents/perl-sast-scanner/perlcode/finaltest/blatant.pl","context":[{"code":"\n","highlight":false,"number":133},{"number":134,"highlight":false,"code":"# CWE-798: Hardcoded secret used in logic\n"},{"code":"if ($api_key eq \"apikey12345678\") {\n","number":135,"highlight":true},{"code":"    print \"API Access granted\\n\";\n","number":136,"highlight":false},{"code":"}\n","highlight":false,"number":137}]},{"code":"    open my $log, '>>', 'logfile.log';","variable":"$log","source":"param","line":142,"type":"Taint-Based","severity":"high","owasp":"A05:2021-Security Misconfiguration","sink":"open","id":"FIND-0072","cwe":"CWE-22","file":"/home/kali/Documents/perl-sast-scanner/perlcode/finaltest/blatant.pl","issue":"Path Traversal via open()","context":[{"code":"sub log_action {\n","highlight":false,"number":140},{"highlight":false,"number":141,"code":"    my $msg = shift;\n"},{"code":"    open my $log, '>>', 'logfile.log';\n","highlight":true,"number":142},{"code":"    print $log \"LOG: $msg\\n\";             # CWE-117\n","highlight":false,"number":143},{"code":"    close $log;\n","number":144,"highlight":false}]},{"context":[{"code":"}\n","number":154,"highlight":false},{"code":"\n","highlight":false,"number":155},{"highlight":true,"number":156,"code":"sub risky_function {\n"},{"code":"    return $_[0] * 2;\n","number":157,"highlight":false},{"code":"}\n","number":158,"highlight":false}],"cwe":"CWE-778","line":156,"issue":"Suspicious Subroutine Ã¢ÂÂ No Auth/Validation","file":"/home/kali/Documents/perl-sast-scanner/perlcode/finaltest/blatant.pl","id":"FIND-0073","owasp":"A07:2021-Identification and Authentication Failures","type":"Structural","severity":"low","code":"sub risky_function {"},{"context":[{"highlight":false,"number":158,"code":"}\n"},{"code":"\n","number":159,"highlight":false},{"highlight":true,"number":160,"code":"sub store {\n"},{"number":161,"highlight":false,"code":"    my ($u, $p) = @_;\n"},{"code":"    open my $db, \">>\", \"users.txt\";\n","number":162,"highlight":false}],"line":160,"cwe":"CWE-778","issue":"Suspicious Subroutine Without Auth Check","file":"/home/kali/Documents/perl-sast-scanner/perlcode/finaltest/blatant.pl","id":"FIND-0074","owasp":"A07:2021-Identification and Authentication Failures","severity":"low","type":"Pattern-Based","code":"sub store {"},{"id":"FIND-0075","cwe":"CWE-778","file":"/home/kali/Documents/perl-sast-scanner/perlcode/finaltest/blatant.pl","issue":"Suspicious Subroutine Ã¢ÂÂ No Auth/Validation","line":160,"context":[{"code":"}\n","number":158,"highlight":false},{"number":159,"highlight":false,"code":"\n"},{"code":"sub store {\n","number":160,"highlight":true},{"code":"    my ($u, $p) = @_;\n","number":161,"highlight":false},{"code":"    open my $db, \">>\", \"users.txt\";\n","highlight":false,"number":162}],"code":"sub store {","owasp":"A07:2021-Identification and Authentication Failures","severity":"low","type":"Structural"},{"line":162,"source":"param","variable":"$db","code":"    open my $db, \">>\", \"users.txt\";","file":"/home/kali/Documents/perl-sast-scanner/perlcode/finaltest/blatant.pl","cwe":"CWE-22","issue":"Path Traversal via open()","context":[{"code":"sub store {\n","highlight":false,"number":160},{"highlight":false,"number":161,"code":"    my ($u, $p) = @_;\n"},{"number":162,"highlight":true,"code":"    open my $db, \">>\", \"users.txt\";\n"},{"code":"    print $db \"$u:$p\\n\";                  # Plaintext credential storage\n","number":163,"highlight":false},{"number":164,"highlight":false,"code":"    close $db;\n"}],"sink":"open","id":"FIND-0076","severity":"high","type":"Taint-Based","owasp":"A05:2021-Security Misconfiguration"}]