[
    {
        "issue": "Command Injection",
        "source": "param",
        "sink": "system",
        "owasp": "A03:2021-Injection",
        "cwe": "CWE-78",
        "severity": "High",
        "description": "User input reaches a system command execution function. If not properly validated or sanitized, attackers can execute arbitrary OS commands, leading to complete system compromise."
    },
    {
        "issue": "Command Injection via Backticks",
        "pattern": "`\\$\\w+`",
        "owasp": "A03:2021-Injection",
        "cwe": "CWE-77",
        "severity": "High",
        "description": "Use of backticks with unsanitized user input allows arbitrary command execution. Backticks execute in the shell, making it highly vulnerable if input isn't filtered."
    },
    {
        "issue": "Code Injection via eval",
        "source": "param",
        "sink": "eval",
        "owasp": "A03:2021-Injection",
        "cwe": "CWE-94",
        "severity": "High",
        "description": "Use of 'eval' with attacker-controlled input allows execution of arbitrary Perl code. This can lead to full application compromise and arbitrary logic execution."
    },
    {
        "issue": "SQL Injection (Concatenated Query)",
        "pattern": "\\$sql\\s*=\\s*['\"].*\\$.*['\"]",
        "owasp": "A03:2021-Injection",
        "cwe": "CWE-89",
        "severity": "High",
        "description": "SQL query is built via string concatenation with user input. This opens the door to classic SQL injection attacks, potentially exposing or corrupting sensitive data."
    },
    {
        "issue": "XSS via direct print of param",
        "pattern": "print\\s+\\$q->param\\(",
        "owasp": "A03:2021-Injection",
        "cwe": "CWE-79",
        "severity": "High",
        "description": "User-controlled input is directly printed to the browser without HTML encoding. This allows execution of attacker-supplied scripts in the browser (Reflected XSS)."
    },
    {
        "issue": "Path Traversal via open()",
        "source": "param",
        "sink": "open",
        "owasp": "A05:2021-Security Misconfiguration",
        "cwe": "CWE-22",
        "severity": "High",
        "description": "Unvalidated user input is passed to file operations, potentially allowing attackers to access files outside the intended directory using '../' traversal."
    },
    {
        "issue": "Hardcoded Password",
        "pattern": "password\\s*=\\s*['\"]",
        "owasp": "A07:2021-Identification and Authentication Failures",
        "cwe": "CWE-798",
        "severity": "High",
        "description": "Passwords should never be hardcoded in source code. This exposes secrets to version control systems and increases the risk of credential leaks."
    },
    {
        "issue": "Hardcoded Secret/API Key",
        "pattern": "(api|secret|token|key)\\s*=\\s*['\"][a-zA-Z0-9]{8,}['\"]",
        "owasp": "A02:2021-Cryptographic Failures",
        "cwe": "CWE-798",
        "severity": "High",
        "description": "API keys or tokens found directly in source code pose a critical risk. If exposed, they can allow unauthorized access to external systems and APIs."
    },
    {
        "issue": "Unrestricted File Upload",
        "pattern": "upload\\s*\\(",
        "owasp": "A08:2021-Software and Data Integrity Failures",
        "cwe": "CWE-434",
        "severity": "High",
        "description": "Allowing file uploads without proper validation may enable attackers to upload and execute malicious files (e.g., web shells), compromising server integrity."
    },
    {
        "issue": "Insecure File Permission (chmod 777)",
        "pattern": "chmod\\s*\\(?\\s*0?777",
        "owasp": "A05:2021-Security Misconfiguration",
        "cwe": "CWE-276",
        "severity": "High",
        "description": "Setting overly permissive file permissions like chmod 777 allows any user to read, write, or execute critical files."
    },
    {
        "issue": "Excessive Permission (umask 0000)",
        "pattern": "umask\\s*\\(?\\s*0?000",
        "owasp": "A05:2021-Security Misconfiguration",
        "cwe": "CWE-276",
        "severity": "High",
        "description": "Setting umask to 0000 results in files being created with full permissions. This creates a dangerous surface for privilege escalation and code manipulation."
    },
    {
        "issue": "Use of Dangerous Function: `do` with user input",
        "pattern": "do\\s+\\$\\w+",
        "owasp": "A03:2021-Injection",
        "cwe": "CWE-95",
        "severity": "High",
        "description": "The `do` function will interpret Perl code from a string or file. If the content comes from user input, attackers can execute arbitrary code."
    },
    {
        "issue": "Dangerous Print to Log Without Sanitization",
        "pattern": "print\\s+\\$\\w+\\s*;.*(#|\/\/).*log",
        "owasp": "A09:2021-Logging and Monitoring Failures",
        "cwe": "CWE-117",
        "severity": "High",
        "description": "Printing unsanitized input into logs can lead to log injection, confusion, or downstream log forging. Sanitize or encode values written to logs."
    },
    {
        "issue": "Use of MD5",
        "pattern": "md5(_hex)?|use\\s+Digest::MD5",
        "owasp": "A02:2021-Cryptographic Failures",
        "cwe": "CWE-327",
        "severity": "Medium",
        "description": "MD5 is a deprecated hashing algorithm known to be vulnerable to collisions. It should be replaced with SHA-256, bcrypt, or another modern alternative."
    },
    {
        "issue": "Use of Insecure Cipher (DES)",
        "pattern": "use\\s+Crypt::DES",
        "owasp": "A02:2021-Cryptographic Failures",
        "cwe": "CWE-327",
        "severity": "Medium",
        "description": "DES is an outdated symmetric encryption algorithm. It should be replaced with AES or another secure cipher to ensure strong encryption."
    },
    {
        "issue": "Improper Random Generator (rand)",
        "pattern": "int\\s*\\(\\s*rand\\s*\\(.*?\\)\\s*\\)",
        "owasp": "A02:2021-Cryptographic Failures",
        "cwe": "CWE-338",
        "severity": "Medium",
        "description": "Using `rand()` for security-sensitive operations like token or password generation is insecure. Use a cryptographically secure RNG instead."
    },
    {
        "issue": "Insecure Temporary File Creation",
        "pattern": "tmpnam\\(\\)",
        "owasp": "A05:2021-Security Misconfiguration",
        "cwe": "CWE-377",
        "severity": "Medium",
        "description": "Using `tmpnam()` can lead to race conditions. Use secure tempfile creation mechanisms like `File::Temp` instead."
    },
    {
        "issue": "Silent Eval Block (No Error Handling)",
        "pattern": "eval\\s*\\{[^}]+\\}(?!\\s*if\\s*\\(\\$@\\))",
        "owasp": "A09:2021-Logging and Monitoring Failures",
        "cwe": "CWE-703",
        "severity": "Medium",
        "description": "An eval block without checking `$@` swallows errors silently, reducing visibility into critical failures. Always handle eval errors explicitly."
    },
    {
        "issue": "Print User Input to Console",
        "pattern": "print.*?(\\$input|\\$q->param|\\$ENV|\\$cgi->param)",
        "owasp": "A09:2021-Logging and Monitoring Failures",
        "cwe": "CWE-117",
        "severity": "Medium",
        "description": "Logging or printing raw user input can lead to information leakage or log injection if not properly sanitized."
    },
    {
        "issue": "Race Condition via fork()",
        "pattern": "fork\\s*\\(\\)",
        "owasp": "A05:2021-Security Misconfiguration",
        "cwe": "CWE-362",
        "severity": "Medium",
        "description": "Calling fork() in web applications can lead to race conditions or improper shared state unless handled carefully."
    },
    {
        "issue": "Missing CSRF Protection (form)",
        "pattern": "print.*?<form.*?>",
        "owasp": "A01:2021-Broken Access Control",
        "cwe": "CWE-352",
        "severity": "Medium",
        "description": "Forms rendered without CSRF tokens are vulnerable to cross-site request forgery. Always include CSRF tokens in forms."
    },
    {
        "issue": "Print Plaintext Credentials",
        "pattern": "print\\s+.*?(\\$user.*?\\$pass)",
        "owasp": "A02:2021-Cryptographic Failures",
        "cwe": "CWE-522",
        "severity": "Medium",
        "description": "Printing credentials to stdout or logs exposes sensitive data. Avoid logging passwords or authentication material."
    },
    {
        "issue": "Config File Inclusion",
        "pattern": "require\\s+['\\\"]\\./.*config.*['\\\"]",
        "owasp": "A05:2021-Security Misconfiguration",
        "cwe": "CWE-829",
        "severity": "Medium",
        "description": "Requiring local config files can expose secrets or internal logic if not protected properly."
    },
    {
        "issue": "Weak Input Regex Validation",
        "pattern": "/\\.\\*admin\\.\\*/",
        "owasp": "A04:2021-Insecure Design",
        "cwe": "CWE-1333",
        "severity": "Low",
        "description": "Regex patterns that match overly broad content (like .*admin.*) can be abused or bypassed. Input validation should be strict and specific."
    },
    {
        "issue": "NULL Dereference Risk",
        "pattern": "length\\s*\\(\\s*\\$undef.*?\\)",
        "owasp": "A09:2021-Logging and Monitoring Failures",
        "cwe": "CWE-476",
        "severity": "Low",
        "description": "Calling length() or similar functions on undefined variables can cause warnings or crashes. Validate inputs before use."
    },
    {
        "issue": "Suspicious Subroutine Without Auth Check",
        "pattern": "sub\\s+(validate|login|store)",
        "owasp": "A07:2021-Identification and Authentication Failures",
        "cwe": "CWE-778",
        "severity": "Low",
        "description": "Subroutines named like 'login', 'validate', or 'store' may indicate critical flows. These should include explicit auth, input validation, and logging."
    },
    {
        "issue": "Unescaped Decode JSON Eval",
        "pattern": "eval\\s*\\{\\s*decode_json\\(",
        "owasp": "A04:2021-Insecure Design",
        "cwe": "CWE-502",
        "severity": "Low",
        "description": "Evaluating JSON from untrusted sources without validation may introduce logic bugs or security holes. Always sanitize input before decoding."
    },
    {
        "issue": "Dangerous Use of Join in Command Context",
        "pattern": "system\\s*\\(\\s*join\\(",
        "owasp": "A03:2021-Injection",
        "cwe": "CWE-78",
        "severity": "Low",
        "description": "Joining user-controlled input and passing it to `system()` can enable indirect command injection. Sanitize or avoid dynamic joins in shell contexts."
    },
    {
        "issue": "Unquoted Shell Variable in backtick",
        "pattern": "`.*\\$\\w+.*`",
        "owasp": "A03:2021-Injection",
        "cwe": "CWE-88",
        "severity": "Low",
        "description": "Unquoted variables in backticks may lead to command injection or unexpected argument splitting. Always quote user inputs and validate thoroughly."
    },
    {
        "issue": "Unquoted open() filename",
        "pattern": "open\\s*\\(.*?\\$.*?[,)]",
        "owasp": "A05:2021-Security Misconfiguration",
        "cwe": "CWE-20",
        "severity": "Low",
        "description": "Using a variable directly in open() without sanitization or quoting may allow access to unexpected files or paths. Always validate file names."
    },
    {
        "issue": "Unvalidated $ENV Use",
        "pattern": "\\$ENV\\{[\"']?.+?[\"']?\\}",
        "owasp": "A05:2021-Security Misconfiguration",
        "cwe": "CWE-15",
        "severity": "Low",
        "description": "Accessing environment variables without validation may allow manipulation via shell or external configs. Always validate and sanitize environment-based logic."
    },
    {
        "issue": "Loose Match on Sensitive Identifiers",
        "pattern": "(token|secret|cookie|session)[\"']?\\s*=\\s*[\"'].*?[\"']",
        "owasp": "A02:2021-Cryptographic Failures",
        "cwe": "CWE-359",
        "severity": "Low",
        "description": "Storing secrets in plain variables without obfuscation or access control makes them vulnerable to leakage through logs or memory dumps."
    },
    {
        "issue": "Missing Authentication Logic",
        "pattern": "if\\s*\\(\\s*\\$user\\s*\\)",
        "owasp": "A07:2021-Identification and Authentication Failures",
        "cwe": "CWE-306",
        "severity": "Medium",
        "description": "Presence of user check without associated password validation. This may indicate missing authentication logic, leading to unauthorized access."
    },
    {
        "issue": "Silent eval{} Block with No Error Handling",
        "pattern": "eval\\s*\\{[^}]+\\}(?!\\s*if\\s*\\(\\$@\\))",
        "owasp": "A09:2021-Logging and Monitoring Failures",
        "cwe": "CWE-703",
        "severity": "Low",
        "description": "Using eval without checking for execution errors via `$@` hides runtime exceptions, making bugs and exploits difficult to trace."
    },
    {
        "issue": "Dangerous Use of open() Without Mode Restrictions",
        "pattern": "open\\s*\\(\\s*.*?,\\s*\\$.*?\\)",
        "owasp": "A05:2021-Security Misconfiguration",
        "cwe": "CWE-22",
        "severity": "Medium",
        "description": "File opens that pass user input as a mode or filename may allow directory traversal, unintended write access, or execution depending on file type."
    },
    {
        "issue": "No Input Validation Logic Present",
        "pattern": "if\\s*\\(\\s*\\$.*?\\s*(==|eq|=~)\\s*['\"]\\w+['\"]\\s*\\)",
        "owasp": "A04:2021-Insecure Design",
        "cwe": "CWE-20",
        "severity": "Low",
        "description": "Conditional logic compares raw variables directly to literals. This often signals unvalidated input and increases susceptibility to injection and bypass."
    },
    {
        "issue": "Suspicious Function Named handle_request or do_something",
        "pattern": "sub\\s+(handle_request|do_something|exec)",
        "owasp": "A01:2021-Broken Access Control",
        "cwe": "CWE-284",
        "severity": "Low",
        "description": "Generic subroutines named 'handle_request' or 'exec' may contain privileged logic or unguarded access paths. Review their content for proper controls."
    },
    {
        "issue": "Assignment of param() to Code Path Without Sanitization",
        "pattern": "\\$\\w+\\s*=\\s*\\$q->param\\(.*?\\)",
        "owasp": "A03:2021-Injection",
        "cwe": "CWE-116",
        "severity": "Medium",
        "description": "Input retrieved via `$q->param()` is directly assigned to a variable. If that variable is later used in output, filesystem, or shell contexts, risk is high."
    },
    {
        "issue": "Multiple evals in One Script (Security Smell)",
        "pattern": "eval\\s*\\(",
        "owasp": "A03:2021-Injection",
        "cwe": "CWE-95",
        "severity": "Low",
        "description": "Repeated use of `eval()` in a single script suggests overly dynamic or meta-programming behavior. High risk for injection if not tightly controlled."
    },
    {
        "issue": "Dangerous call to `do` Statement",
        "pattern": "do\\s+['\"]\\./.*\\.pl['\"]",
        "owasp": "A08:2021-Software and Data Integrity Failures",
        "cwe": "CWE-829",
        "severity": "Medium",
        "description": "Use of `do` to include or execute local scripts is risky if the path is user-controllable or improperly locked down."
    },
    {
        "issue": "Chained Input + Dangerous Function Call (Heuristic)",
        "pattern": "\\$\\w+\\s*=\\s*\\$q->param.*\n.*(system|eval|open|`)",
        "owasp": "A03:2021-Injection",
        "cwe": "CWE-74",
        "severity": "High",
        "description": "Detects when input is captured and passed to a dangerous function later. This heuristic flags cases where taint tracking might not fully catch the chain."
    }
]
