[{"issue":"Command Injection","sink":"system","id":"FIND-0001","context":[{"number":1,"highlight":false,"code":"my $input = param('cmd');\n"},{"highlight":true,"number":2,"code":"system($input);\n"},{"highlight":false,"number":3,"code":"\n"}],"owasp":"A03:2021-Injection","cwe":"CWE-78","code":"system($input);","type":"Taint-Based","line":2,"source":"param","variable":"$input","file":"/home/kali/Documents/perl-sast-scanner/perlcode/test1.pl","severity":"High"},{"issue":"Unescaped User Input in Command","line":2,"type":"Pattern-Based","id":"FIND-0002","context":[{"number":1,"highlight":false,"code":"my $input = param('cmd');\n"},{"code":"system($input);\n","number":2,"highlight":true},{"code":"\n","number":3,"highlight":false}],"owasp":"A03:2021-Injection","file":"/home/kali/Documents/perl-sast-scanner/perlcode/test1.pl","code":"system($input);","severity":"High","cwe":"CWE-78"},{"issue":"Path Traversal via open()","sink":"open","id":"FIND-0003","context":[{"highlight":false,"number":1,"code":"my $bad = param('filename');\n"},{"number":2,"highlight":true,"code":"open(FILE, \"<$bad\");\n"},{"number":3,"highlight":false,"code":"\n"}],"owasp":"A05:2021-Security Misconfiguration","cwe":"CWE-22","code":"open(FILE, \"<$bad\");","line":2,"type":"Taint-Based","source":"param","variable":"$bad","file":"/home/kali/Documents/perl-sast-scanner/perlcode/test2.pl","severity":"High"},{"issue":"Direct File Access Based on User Input","line":2,"type":"Pattern-Based","id":"FIND-0004","context":[{"highlight":false,"number":1,"code":"my $bad = param('filename');\n"},{"code":"open(FILE, \"<$bad\");\n","highlight":true,"number":2},{"code":"\n","number":3,"highlight":false}],"owasp":"A05:2021-Security Misconfiguration","file":"/home/kali/Documents/perl-sast-scanner/perlcode/test2.pl","cwe":"CWE-73","severity":"High","code":"open(FILE, \"<$bad\");"}]